"";"chick_id";"clutch";"poids";"tarsed";"date_mesure";"age_plume";"docilite";"date_eclo"
"chick1";"chick1";"AVA1";10,4;15,7;2023-05-14;15;1;2023-04-29
"chick2";"chick2";"AVA1";10,6;16,3;2023-05-14;15;0;2023-04-29
"chick3";"chick3";"AVA1";10,4;16,8;2023-05-14;15;2;2023-04-29
"chick4";"chick4";"AVA1";9,4;16,2;2023-05-14;14;0;2023-04-29
"chick5";"chick5";"AVA1";9,3;16,3;2023-05-14;14;2;2023-04-29
"chick6";"chick6";"AVA1";9,7;15,9;2023-05-14;15;2;2023-04-29
"chick7";"chick7";"AVA1";10,4;16,3;2023-05-14;15;0;2023-04-29
"chick8";"chick8";"AVA1";10,4;16;2023-05-14;15;2;2023-04-29
"chick9";"chick9";"AVA1";10,2;16,6;2023-05-14;15;3;2023-04-29
"chick10";"chick10";"AVA3";10,2;15,9;2023-05-11;15,5;3;2023-04-26
"chick11";"chick11";"AVA3";9,9;16,1;2023-05-11;15,5;2;2023-04-26
"chick12";"chick12";"AVA3";11,1;16,8;2023-05-11;15;0;2023-04-26
"chick13";"chick13";"AVA3";10,3;16,6;2023-05-11;15;3;2023-04-26
"chick14";"chick14";"AVA3";9,8;16;2023-05-11;15;3;2023-04-26
"chick15";"chick15";"AVA3";10,5;16,5;2023-05-11;15;0;2023-04-26
"chick16";"chick16";"AVA3";10,2;17;2023-05-11;15;0;2023-04-26
"chick17";"chick17";"AVA3";10,5;15,6;2023-05-11;13,5;3;2023-04-26
"chick18";"chick18";"AVA4";8,7;16,1;2023-06-14;15;1;2023-05-31
"chick19";"chick19";"AVA4";8,8;16,8;2023-06-14;14,5;1;2023-05-31
"chick20";"chick20";"AVA4";9,3;16,6;2023-06-14;15;2;2023-05-31
"chick21";"chick21";"AVA4";8,1;NA;2023-06-14;13;0;2023-05-31
"chick22";"chick22";"AVA4";9,2;16,3;2023-06-14;15;0;2023-05-31
"chick23";"chick23";"AVA5";9,9;15,5;2023-05-17;15;0;2023-05-02
"chick24";"chick24";"AVA5";10,5;16,1;2023-05-17;15,5;0;2023-05-02
"chick25";"chick25";"AVA5";10,6;15,8;2023-05-17;16;2;2023-05-02
"chick26";"chick26";"AVA7";10;16,6;2023-05-12;15,5;3;2023-04-27
"chick27";"chick27";"AVA7";10,4;16,6;2023-05-12;15,5;3;2023-04-27
"chick28";"chick28";"AVA7";9,8;16,1;2023-05-12;15,5;3;2023-04-27
"chick29";"chick29";"AVA7";10,6;16,2;2023-05-12;15;0;2023-04-27
"chick30";"chick30";"AVA7";10,6;16,2;2023-05-12;15;2;2023-04-27
"chick31";"chick31";"AVA7";10,2;16,8;2023-05-12;15,5;2;2023-04-27
"chick32";"chick32";"AVA7";10;16,1;2023-05-12;14;4;2023-04-27
"chick33";"chick33";"AVA8";10,9;16,5;2023-05-15;15,5;3;2023-04-30
"chick34";"chick34";"AVA8";10,4;16,2;2023-05-15;15,5;1;2023-04-30
"chick35";"chick35";"AVA8";10,2;16,2;2023-05-15;15,5;2;2023-04-30
"chick36";"chick36";"AVA8";9,7;15,2;2023-05-15;15,5;3;2023-04-30
"chick37";"chick37";"AVA8";10,1;16,4;2023-05-15;15,5;2;2023-04-30
"chick38";"chick38";"AVA8";10,4;16;2023-05-15;15;2;2023-04-30
"chick39";"chick39";"AVA8";10,3;16,8;2023-05-15;15,5;3;2023-04-30
"chick40";"chick40";"AVA10";11,5;16,3;2023-05-13;14,5;0;2023-04-28
"chick41";"chick41";"AVA10";11;16,2;2023-05-13;15;0;2023-04-28
"chick42";"chick42";"AVA10";11,9;17,1;2023-05-13;15;0;2023-04-28
"chick43";"chick43";"AVA10";11,2;15,9;2023-05-13;15;3;2023-04-28
"chick44";"chick44";"AVA10";11,3;16,6;2023-05-13;15;0;2023-04-28
"chick45";"chick45";"AVA10";11,4;17,3;2023-05-13;15;0;2023-04-28
"chick46";"chick46";"AVA10";11,8;16,8;2023-05-13;13;0;2023-04-28
"chick47";"chick47";"AVA11";9,1;16;2023-05-07;15;0;2023-04-22
"chick48";"chick48";"AVA11";10,1;16,6;2023-05-07;15;9;2023-04-22
"chick49";"chick49";"AVA11";10,6;16,6;2023-05-07;15;2;2023-04-22
"chick50";"chick50";"AVA11";10,1;16,8;2023-05-07;15;2;2023-04-22
"chick51";"chick51";"AVA11";10,4;16,9;2023-05-07;15;2;2023-04-22
"chick52";"chick52";"AVA11";10,7;16,9;2023-05-07;15;3;2023-04-22
"chick53";"chick53";"AVA11";9,3;16,3;2023-05-07;15,5;3;2023-04-22
"chick54";"chick54";"AVA11";10,1;16,3;2023-05-07;15;2;2023-04-22
"chick55";"chick55";"AVA11";10,8;16,8;2023-05-07;15;3;2023-04-22
"chick56";"chick56";"AVA13";10,4;16,1;2023-05-13;15;3;2023-04-28
"chick57";"chick57";"AVA13";10,8;16,2;2023-05-13;15;2;2023-04-28
"chick58";"chick58";"AVA13";10,1;16,2;2023-05-13;15,5;5;2023-04-28
"chick59";"chick59";"AVA13";10,6;15,9;2023-05-13;15,5;3;2023-04-28
"chick60";"chick60";"AVA13";10,5;15,8;2023-05-13;15;3;2023-04-28
"chick61";"chick61";"AVA14";10,4;16,4;2023-05-18;15;0;2023-05-03
"chick62";"chick62";"AVA14";9,9;16,1;2023-05-18;15;3;2023-05-03
"chick63";"chick63";"AVA14";10,2;16,3;2023-05-18;15;4;2023-05-03
"chick64";"chick64";"AVA14";10,3;16,2;2023-05-18;15;2;2023-05-03
"chick65";"chick65";"AVA14";10,4;16,4;2023-05-18;15;4;2023-05-03
"chick66";"chick66";"AVA14";10,4;16,5;2023-05-18;15;4;2023-05-03
"chick67";"chick67";"AVA14";10,3;15,8;2023-05-18;14,5;4;2023-05-03
"chick68";"chick68";"AVA14";11;16,6;2023-05-18;14,5;2;2023-05-03
"chick69";"chick69";"AVA17-2";9,8;16,4;2023-06-06;15;2;2023-05-22
"chick70";"chick70";"AVA17-2";9,9;16,4;2023-06-06;15;2;2023-05-22
"chick71";"chick71";"AVA17-2";9,9;16,3;2023-06-06;15;1;2023-05-22
"chick72";"chick72";"AVA17-2";7,7;16,4;2023-06-06;14,5;NA;2023-05-22
"chick73";"chick73";"AVA18-2";9,8;14,9;2023-06-17;15;2;2023-06-02
"chick74";"chick74";"AVA18-2";10,2;15,5;2023-06-17;15,5;0;2023-06-02
"chick75";"chick75";"AVA18-2";9,6;15,1;2023-06-17;15,5;0;2023-06-02
"chick76";"chick76";"AVA18-2";9,8;14,8;2023-06-17;15;1;2023-06-02
"chick77";"chick77";"AVA18-2";9,8;15,9;2023-06-17;14;0;2023-06-02
"chick78";"chick78";"AVA18-2";10,4;14,8;2023-06-17;15;2;2023-06-02
"chick79";"chick79";"AVA20-1";11,1;17;2023-05-09;15;0;2023-04-24
"chick80";"chick80";"AVA20-1";10,2;15,6;2023-05-09;15,5;0;2023-04-24
"chick81";"chick81";"AVA20-1";9,9;16,4;2023-05-09;15,5;0;2023-04-24
"chick82";"chick82";"AVA20-1";10,2;16,2;2023-05-09;15;0;2023-04-24
"chick83";"chick83";"AVA20-1";11;16,5;2023-05-09;15,5;0;2023-04-24
"chick84";"chick84";"AVA20-1";9,8;16,3;2023-05-09;15,5;0;2023-04-24
"chick85";"chick85";"AVA20-1";11,6;16,6;2023-05-09;15,5;1;2023-04-24
"chick86";"chick86";"AVA20-1";10,1;16;2023-05-09;15;1;2023-04-24
"chick87";"chick87";"AVA20-1";10;17;2023-05-09;15;4;2023-04-24
"chick88";"chick88";"AVA20-1";10,2;16,4;2023-05-09;15;3;2023-04-24
"chick89";"chick89";"AVA21";9,8;15,8;2023-05-16;15,5;1;2023-05-01
"chick90";"chick90";"AVA21";10,2;16,3;2023-05-16;16;4;2023-05-01
"chick91";"chick91";"AVA21";10,3;16,9;2023-05-16;16;3;2023-05-01
"chick92";"chick92";"AVA21";10,7;16,7;2023-05-16;16;0;2023-05-01
"chick93";"chick93";"AVA21";10,1;16,2;2023-05-16;14,5;2;2023-05-01
"chick94";"chick94";"MUR21";11,3;16,1;2023-05-07;15;0;2023-04-22
"chick95";"chick95";"MUR21";12,3;16,6;2023-05-07;15;4;2023-04-22
"chick96";"chick96";"MUR21";10,8;16;2023-05-07;15;2;2023-04-22
"chick97";"chick97";"MUR21";11;16,2;2023-05-07;15;2;2023-04-22
"chick98";"chick98";"MUR21";10,1;16;2023-05-07;15;2;2023-04-22
"chick99";"chick99";"MUR21";10,9;16,2;2023-05-07;15;2;2023-04-22
"chick100";"chick100";"MUR21";11,3;16,7;2023-05-07;15;1;2023-04-22
"chick101";"chick101";"MUR22";10,9;16,5;2023-05-09;15,5;2;2023-04-24
"chick102";"chick102";"MUR22";9,8;16,1;2023-05-09;15;3;2023-04-24
"chick103";"chick103";"MUR22";10,6;16;2023-05-09;15;1;2023-04-24
"chick104";"chick104";"MUR22";10,7;15,6;2023-05-09;15,5;3;2023-04-24
"chick105";"chick105";"MUR22";10,2;16,3;2023-05-09;15,5;3;2023-04-24
"chick106";"chick106";"MUR22";11,1;16,1;2023-05-09;15,5;3;2023-04-24
"chick107";"chick107";"MUR22";11,1;16,1;2023-05-09;15,5;3;2023-04-24
"chick108";"chick108";"MUR24-1";11,4;16,4;2023-05-09;15,5;1;2023-04-24
"chick109";"chick109";"MUR24-1";10,9;16,9;2023-05-09;15,5;3;2023-04-24
"chick110";"chick110";"MUR24-1";11;16,4;2023-05-09;15,5;3;2023-04-24
"chick111";"chick111";"MUR24-1";10,4;16,4;2023-05-09;15,5;3;2023-04-24
"chick112";"chick112";"MUR24-1";10,2;16,5;2023-05-09;15,5;0;2023-04-24
"chick113";"chick113";"MUR24-1";10,5;16,7;2023-05-09;15,5;2;2023-04-24
"chick114";"chick114";"MUR24-1";10,4;16;2023-05-09;15,5;3;2023-04-24
"chick115";"chick115";"MUR24-1";10,5;16,5;2023-05-09;15,5;3;2023-04-24
"chick116";"chick116";"MUR24-1";10,4;16,8;2023-05-09;15,5;2;2023-04-24
"chick117";"chick117";"MUR25-1";10,3;15,9;2023-05-11;13;0;2023-04-26
"chick118";"chick118";"MUR25-1";10,9;16,2;2023-05-11;14,5;1;2023-04-26
"chick119";"chick119";"MUR25-1";10,6;16,3;2023-05-11;13,5;0;2023-04-26
"chick120";"chick120";"MUR25-1";10,1;16;2023-05-11;15;1;2023-04-26
"chick121";"chick121";"MUR25-1";10,6;16,1;2023-05-11;15;1;2023-04-26
"chick122";"chick122";"MUR25-1";10,7;15,9;2023-05-11;15;3;2023-04-26
"chick123";"chick123";"MUR25-1";10,5;16,2;2023-05-11;14;3;2023-04-26
"chick124";"chick124";"MUR25-1";10,9;16,1;2023-05-11;15;1;2023-04-26
"chick125";"chick125";"MUR25-1";10,8;16;2023-05-11;15;3;2023-04-26
"chick126";"chick126";"MUR26";10,6;16,7;2023-05-08;15;3;2023-04-23
"chick127";"chick127";"MUR26";10;16,3;2023-05-08;15;3;2023-04-23
"chick128";"chick128";"MUR26";10,5;16,3;2023-05-08;15,5;2;2023-04-23
"chick129";"chick129";"MUR26";10,7;16,9;2023-05-08;15;4;2023-04-23
"chick130";"chick130";"MUR26";9,9;16,3;2023-05-08;15,5;3;2023-04-23
"chick131";"chick131";"MUR26";10,6;17,2;2023-05-08;15,5;4;2023-04-23
"chick132";"chick132";"MUR26";10;16,1;2023-05-08;15;3;2023-04-23
"chick133";"chick133";"MUR26";10;16,6;2023-05-08;15,5;2;2023-04-23
"chick134";"chick134";"MUR27";10,3;17;2023-05-08;15;1;2023-04-23
"chick135";"chick135";"MUR27";10,6;17,2;2023-05-08;15;1;2023-04-23
"chick136";"chick136";"MUR27";10,4;16,7;2023-05-08;15;NA;2023-04-23
"chick137";"chick137";"MUR27";10,5;17,7;2023-05-08;15;0;2023-04-23
"chick138";"chick138";"MUR27";10,8;17;2023-05-08;15,5;0;2023-04-23
"chick139";"chick139";"MUR27";10,5;17;2023-05-08;15;2;2023-04-23
"chick140";"chick140";"MUR27";10,8;16,4;2023-05-08;14,5;0;2023-04-23
"chick141";"chick141";"MUR28";10,4;16,8;2023-05-10;15,5;2;2023-04-25
"chick142";"chick142";"MUR28";10,6;16,6;2023-05-10;15;1;2023-04-25
"chick143";"chick143";"MUR28";10,1;16,8;2023-05-10;15,5;2;2023-04-25
"chick144";"chick144";"MUR28";10,4;16,4;2023-05-10;15,5;2;2023-04-25
"chick145";"chick145";"MUR28";11,1;16,9;2023-05-10;16;2;2023-04-25
"chick146";"chick146";"MUR28";9,8;15,8;2023-05-10;15,5;2;2023-04-25
"chick147";"chick147";"MUR28";10,4;16,8;2023-05-10;15,5;2;2023-04-25
"chick148";"chick148";"MUR28";11;16,9;2023-05-10;15,5;0;2023-04-25
"chick149";"chick149";"MUR30";11,6;16,8;2023-05-20;15;2;2023-05-05
"chick150";"chick150";"MUR30";11,3;15,9;2023-05-20;15,5;0;2023-05-05
"chick151";"chick151";"MUR30";10,6;16,3;2023-05-20;15,5;2;2023-05-05
"chick152";"chick152";"MUR30";11,3;16,4;2023-05-20;15,5;0;2023-05-05
"chick153";"chick153";"MUR30";10,8;17,1;2023-05-20;15,5;2;2023-05-05
"chick154";"chick154";"MUR30";11;16,1;2023-05-20;15,5;2;2023-05-05
"chick155";"chick155";"MUR30";NA;NA;2023-05-20;NA;0;2023-05-05
"chick156";"chick156";"MUR32";11,1;16;2023-05-18;15;0;2023-05-03
"chick157";"chick157";"MUR32";9,8;15,7;2023-05-18;14,5;0;2023-05-03
"chick158";"chick158";"MUR32";10,4;15,2;2023-05-18;14,5;2;2023-05-03
"chick159";"chick159";"MUR32";10,1;15,5;2023-05-18;15;3;2023-05-03
"chick160";"chick160";"MUR32";10,5;15,9;2023-05-18;15;2;2023-05-03
"chick161";"chick161";"MUR32";10,8;15,5;2023-05-18;14,5;4;2023-05-03
"chick162";"chick162";"MUR33";10,9;16,8;2023-05-06;15;1;2023-04-21
"chick163";"chick163";"MUR33";10,1;16,2;2023-05-06;15,5;3;2023-04-21
"chick164";"chick164";"MUR33";10,1;16,3;2023-05-06;14,5;0;2023-04-21
"chick165";"chick165";"MUR33";10,1;15,9;2023-05-06;15;4;2023-04-21
"chick166";"chick166";"MUR33";11,1;16,6;2023-05-06;15;0;2023-04-21
"chick167";"chick167";"MUR33";10,7;17,3;2023-05-06;15,5;0;2023-04-21
"chick168";"chick168";"MUR33";11,3;16,3;2023-05-06;15,5;3;2023-04-21
"chick169";"chick169";"MUR33";10,6;16,6;2023-05-06;15;0;2023-04-21
"chick170";"chick170";"MUR33";10,1;16,3;2023-05-06;15;2;2023-04-21
"chick171";"chick171";"MUR33";11,2;16,4;2023-05-06;14;0;2023-04-21
"chick172";"chick172";"MUR33";11,7;17;2023-05-06;15;0;2023-04-21
"chick173";"chick173";"MUR34-1";10,9;16,4;2023-05-05;15;2;2023-04-20
"chick174";"chick174";"MUR34-1";10,1;15,7;2023-05-05;15,5;3;2023-04-20
"chick175";"chick175";"MUR34-1";11,1;15,8;2023-05-05;15,5;1;2023-04-20
"chick176";"chick176";"MUR34-1";9,9;15,7;2023-05-05;15,5;2;2023-04-20
"chick177";"chick177";"MUR34-1";10,9;16;2023-05-05;15;1;2023-04-20
"chick178";"chick178";"MUR34-1";10,7;15,6;2023-05-05;15,5;2;2023-04-20
"chick179";"chick179";"MUR34-1";10,5;16,3;2023-05-05;15,5;2;2023-04-20
"chick180";"chick180";"MUR34-1";10,5;16,9;2023-05-05;15,5;3;2023-04-20
"chick181";"chick181";"MUR34-1";10,3;15,9;2023-05-05;15;3;2023-04-20
"chick182";"chick182";"MUR36";10,8;16;2023-05-14;15,5;0;2023-04-29
"chick183";"chick183";"MUR36";11,6;16;2023-05-14;15;1;2023-04-29
"chick184";"chick184";"MUR36";10,8;16;2023-05-14;15,5;0;2023-04-29
"chick185";"chick185";"MUR37";10,6;16;2023-05-04;15;3;2023-04-19
"chick186";"chick186";"MUR37";10,2;16,3;2023-05-04;15;0;2023-04-19
"chick187";"chick187";"MUR37";10,1;15,8;2023-05-04;15,5;3;2023-04-19
"chick188";"chick188";"MUR37";10,5;16,7;2023-05-04;15;5;2023-04-19
"chick189";"chick189";"MUR37";10,5;16,9;2023-05-04;15,5;3;2023-04-19
"chick190";"chick190";"MUR37";10,9;16,8;2023-05-04;15;5;2023-04-19
"chick191";"chick191";"MUR37";11;16,3;2023-05-04;15,5;3;2023-04-19
"chick192";"chick192";"MUR37";10,7;15,7;2023-05-04;15,5;1;2023-04-19
"chick193";"chick193";"MUR37";10,5;16,5;2023-05-04;15,5;4;2023-04-19
"chick194";"chick194";"MUR37";10,4;16;2023-05-04;15,5;0;2023-04-19
"chick195";"chick195";"MUR39";10,4;16,4;2023-05-06;15,5;0;2023-04-21
"chick196";"chick196";"MUR39";9,7;17;2023-05-06;15;4;2023-04-21
"chick197";"chick197";"MUR39";9,7;16,1;2023-05-06;15,5;2;2023-04-21
"chick198";"chick198";"MUR39";9,2;16,1;2023-05-06;15;2;2023-04-21
"chick199";"chick199";"MUR39";9,3;16,1;2023-05-06;15,5;1;2023-04-21
"chick200";"chick200";"MUR39";9,5;16,5;2023-05-06;15,5;2;2023-04-21
"chick201";"chick201";"MUR39";10,2;16,6;2023-05-06;15;3;2023-04-21
"chick202";"chick202";"MUR39";10,8;16,8;2023-05-06;15,5;0;2023-04-21
"chick203";"chick203";"MUR39";10,1;16,4;2023-05-06;15;4;2023-04-21
"chick204";"chick204";"MUR40";11,5;16;2023-05-07;15,5;2;2023-04-22
"chick205";"chick205";"MUR40";11,1;16,6;2023-05-07;15,5;0;2023-04-22
"chick206";"chick206";"MUR40";11,3;16,3;2023-05-07;15,5;1;2023-04-22
"chick207";"chick207";"MUR40";9,8;15,4;2023-05-07;15;2;2023-04-22
"chick208";"chick208";"MUR41";10,4;16,2;2023-05-08;15,5;0;2023-04-23
"chick209";"chick209";"MUR41";10,9;16,5;2023-05-08;15,5;2;2023-04-23
"chick210";"chick210";"MUR41";10,9;17,3;2023-05-08;15,5;0;2023-04-23
"chick211";"chick211";"MUR41";11;16,4;2023-05-08;15;1;2023-04-23
"chick212";"chick212";"MUR41";10,8;17,3;2023-05-08;15,5;0;2023-04-23
"chick213";"chick213";"MUR41";10,4;15,9;2023-05-08;15,5;0;2023-04-23
"chick214";"chick214";"MUR41";10,8;16,1;2023-05-08;15,5;0;2023-04-23
"chick215";"chick215";"MUR41";10,6;17;2023-05-08;15,5;0;2023-04-23
"chick216";"chick216";"MUR42";11,3;16,7;2023-05-09;16;2;2023-04-24
"chick217";"chick217";"MUR42";11,4;16,4;2023-05-09;15,5;2;2023-04-24
"chick218";"chick218";"MUR42";10,5;16,7;2023-05-09;16;0;2023-04-24
"chick219";"chick219";"MUR42";11,2;16,5;2023-05-09;15,5;0;2023-04-24
"chick220";"chick220";"MUR42";10,8;16,5;2023-05-09;15,5;1;2023-04-24
"chick221";"chick221";"MUR42";10,9;17;2023-05-09;16;0;2023-04-24
"chick222";"chick222";"MUR42";11;16,5;2023-05-09;16;2;2023-04-24
"chick223";"chick223";"MUR42";11,3;16,5;2023-05-09;15,5;0;2023-04-24
"chick224";"chick224";"MUR42";11;16,8;2023-05-09;15,5;0;2023-04-24
"chick225";"chick225";"MUR42";11,5;16,6;2023-05-09;15,5;0;2023-04-24
"chick226";"chick226";"MUR43";11,6;17;2023-05-05;14;0;2023-04-20
"chick227";"chick227";"MUR43";10,9;16,1;2023-05-05;14,5;3;2023-04-20
"chick228";"chick228";"MUR43";10,8;17,1;2023-05-05;15;2;2023-04-20
"chick229";"chick229";"MUR43";10,5;16,4;2023-05-05;15;4;2023-04-20
"chick230";"chick230";"MUR43";10,9;16,3;2023-05-05;15;2;2023-04-20
"chick231";"chick231";"MUR43";10,8;16,8;2023-05-05;14;3;2023-04-20
"chick232";"chick232";"MUR43";10,7;15,8;2023-05-05;15;1;2023-04-20
"chick233";"chick233";"MUR43";10,8;16,4;2023-05-05;15,5;2;2023-04-20
"chick234";"chick234";"MUR43";10,2;15,3;2023-05-05;15,5;3;2023-04-20
"chick235";"chick235";"MUR44";10,2;16;2023-05-23;15;3;2023-05-09
"chick236";"chick236";"MUR44";11,2;16,5;2023-05-23;15;3;2023-05-09
"chick237";"chick237";"MUR44";10,1;15;2023-05-23;15;4;2023-05-09
"chick238";"chick238";"MUR45";10,4;16,7;2023-05-07;15;2;2023-04-22
"chick239";"chick239";"MUR45";10,9;16,7;2023-05-07;15;2;2023-04-22
"chick240";"chick240";"MUR45";10,9;16,6;2023-05-07;15;0;2023-04-22
"chick241";"chick241";"MUR45";10,9;16,3;2023-05-07;15;1;2023-04-22
"chick242";"chick242";"MUR45";10,7;16,5;2023-05-07;15;1;2023-04-22
"chick243";"chick243";"MUR45";11,3;16,4;2023-05-07;15;1;2023-04-22
"chick244";"chick244";"MUR45";11,2;16,8;2023-05-07;15;2;2023-04-22
"chick245";"chick245";"MUR45";10,9;16,6;2023-05-07;14,5;1;2023-04-22
"chick246";"chick246";"MUR47";10,1;16,5;2023-05-10;15,5;4;2023-04-25
"chick247";"chick247";"MUR47";9,9;15,7;2023-05-10;15;3;2023-04-25
"chick248";"chick248";"MUR47";10,2;16,6;2023-05-10;15;1;2023-04-25
"chick249";"chick249";"MUR47";10,3;16,4;2023-05-10;15;2;2023-04-25
"chick250";"chick250";"MUR47";11,3;16,7;2023-05-10;15,5;1;2023-04-25
"chick251";"chick251";"MUR47";9,4;16,5;2023-05-10;15;2;2023-04-25
"chick252";"chick252";"MUR48";10,9;17;2023-05-25;15;2;2023-05-10
"chick253";"chick253";"MUR48";10,9;16;2023-05-25;15,5;2;2023-05-10
"chick254";"chick254";"MUR48";10,9;16,3;2023-05-25;16;1;2023-05-10
"chick255";"chick255";"MUR49";10,9;16,5;2023-05-12;15,5;0;2023-04-27
"chick256";"chick256";"MUR49";10,8;16,5;2023-05-12;15;0;2023-04-27
"chick257";"chick257";"MUR49";11;16,5;2023-05-12;14,5;0;2023-04-27
"chick258";"chick258";"MUR49";10,8;16,7;2023-05-12;15,5;2;2023-04-27
"chick259";"chick259";"MUR49";10,5;15,9;2023-05-12;15,5;0;2023-04-27
"chick260";"chick260";"MUR49";10,2;16,2;2023-05-12;15;1;2023-04-27
"chick261";"chick261";"MUR49";10,4;17;2023-05-12;15,5;0;2023-04-27
"chick262";"chick262";"MUR49";9,3;15,8;2023-05-12;15;2;2023-04-27
"chick263";"chick263";"MUR50";10,7;16,9;2023-05-11;15,5;1;2023-04-26
"chick264";"chick264";"MUR50";10,6;17,1;2023-05-11;15,5;3;2023-04-26
"chick265";"chick265";"MUR50";10,5;16,6;2023-05-11;15,5;0;2023-04-26
"chick266";"chick266";"MUR50";10,6;16,3;2023-05-11;15,5;0;2023-04-26
"chick267";"chick267";"MUR50";10,7;16,7;2023-05-11;15;1;2023-04-26
"chick268";"chick268";"MUR50";10,4;16,9;2023-05-11;15;0;2023-04-26
"chick269";"chick269";"MUR50";11,1;16,7;2023-05-11;15;1;2023-04-26
"chick270";"chick270";"MUR51";11,2;16,8;2023-05-08;15;2;2023-04-23
"chick271";"chick271";"MUR51";10,2;15,6;2023-05-08;15;2;2023-04-23
"chick272";"chick272";"MUR51";10,6;15,5;2023-05-08;15;2;2023-04-23
"chick273";"chick273";"MUR51";10,4;15,9;2023-05-08;15,5;2;2023-04-23
"chick274";"chick274";"MUR51";11;16,4;2023-05-08;15;3;2023-04-23
"chick275";"chick275";"MUR51";11,3;16,5;2023-05-08;15;2;2023-04-23
"chick276";"chick276";"MUR51";10,6;16,3;2023-05-08;15,5;2;2023-04-23
"chick277";"chick277";"MUR53";11;16,3;2023-05-17;15;3;2023-05-02
"chick278";"chick278";"MUR53";10,4;16,4;2023-05-17;15;2;2023-05-02
"chick279";"chick279";"MUR53";10,9;16,6;2023-05-17;15;2;2023-05-02
"chick280";"chick280";"MUR53";10,1;16,6;2023-05-17;14,5;0;2023-05-02
"chick281";"chick281";"MUR53";10,2;16,3;2023-05-17;16;2;2023-05-02
"chick282";"chick282";"MUR53";11,3;16;2023-05-17;15;2;2023-05-02
"chick283";"chick283";"MUR53";9,9;15,6;2023-05-17;16;2;2023-05-02
"chick284";"chick284";"MUR53";10,8;16,5;2023-05-17;15;2;2023-05-02
"chick285";"chick285";"MUR53";10,8;16,1;2023-05-17;15,5;2;2023-05-02
"chick286";"chick286";"MUR53";10,7;16,3;2023-05-17;14,5;2;2023-05-02
"chick287";"chick287";"MUR54";10,5;16,7;2023-05-07;15,5;2;2023-04-22
"chick288";"chick288";"MUR54";10,2;16,6;2023-05-07;15,5;2;2023-04-22
"chick289";"chick289";"MUR54";10,4;16,1;2023-05-07;15,5;2;2023-04-22
"chick290";"chick290";"MUR54";10,7;16,6;2023-05-07;16;2;2023-04-22
"chick291";"chick291";"MUR54";9,8;15,9;2023-05-07;15,5;1;2023-04-22
"chick292";"chick292";"MUR54";10,2;16,8;2023-05-07;15;3;2023-04-22
"chick293";"chick293";"MUR54";10,2;15,8;2023-05-07;15;2;2023-04-22
"chick294";"chick294";"MUR54";10,7;16,5;2023-05-07;15,5;2;2023-04-22
"chick295";"chick295";"MUR54";10,2;15,9;2023-05-07;15;3;2023-04-22
"chick296";"chick296";"MUR54";10,6;16;2023-05-07;15,5;2;2023-04-22
"chick297";"chick297";"MUR55";10,1;15,8;2023-05-08;15;1;2023-04-23
"chick298";"chick298";"MUR55";10,5;16,4;2023-05-08;15;1;2023-04-23
"chick299";"chick299";"MUR55";9,8;16,8;2023-05-08;14,5;1;2023-04-23
"chick300";"chick300";"MUR55";10,8;17,1;2023-05-08;15;0;2023-04-23
"chick301";"chick301";"MUR55";9,7;16;2023-05-08;15;0;2023-04-23
"chick302";"chick302";"MUR55";9,8;16,1;2023-05-08;15;0;2023-04-23
"chick303";"chick303";"MUR55";10,4;16;2023-05-08;15;0;2023-04-23
"chick304";"chick304";"MUR56";10,3;16,3;2023-05-25;16;0;2023-05-10
"chick305";"chick305";"MUR56";10,7;16,1;2023-05-25;15;1;2023-05-10
"chick306";"chick306";"MUR56";10,4;17,2;2023-05-25;15;0;2023-05-10
"chick307";"chick307";"MUR56";10,2;16,4;2023-05-25;16;2;2023-05-10
"chick308";"chick308";"MUR56";10,4;16,7;2023-05-25;15,5;0;2023-05-10
"chick309";"chick309";"MUR56";10,4;16,6;2023-05-25;15,5;2;2023-05-10
"chick310";"chick310";"MUR57";10,7;16;2023-05-13;15,5;4;2023-04-27
"chick311";"chick311";"MUR57";10,6;16,3;2023-05-13;15,5;3;2023-04-27
"chick312";"chick312";"MUR57";10,9;15,9;2023-05-13;15,5;4;2023-04-27
"chick313";"chick313";"MUR57";10,6;16;2023-05-13;15,5;4;2023-04-27
"chick314";"chick314";"MUR57";11,1;16,5;2023-05-13;15,5;2;2023-04-27
"chick315";"chick315";"MUR57";11,9;16,3;2023-05-13;15,5;5;2023-04-27
"chick316";"chick316";"MUR57";NA;16,4;2023-05-13;16;5;2023-04-27
"chick317";"chick317";"MUR58";9,7;16,3;2023-05-07;15,5;2;2023-04-22
"chick318";"chick318";"MUR58";9,9;16,7;2023-05-07;15;0;2023-04-22
"chick319";"chick319";"MUR58";10;16,4;2023-05-07;15,5;2;2023-04-22
"chick320";"chick320";"MUR58";10,8;16,6;2023-05-07;15,5;1;2023-04-22
"chick321";"chick321";"MUR58";10,2;17;2023-05-07;15,5;1;2023-04-22
"chick322";"chick322";"MUR58";9,8;16,5;2023-05-07;15,5;2;2023-04-22
"chick323";"chick323";"MUR58";10,3;17,2;2023-05-07;15,5;2;2023-04-22
"chick324";"chick324";"MUR58";9,9;16,5;2023-05-07;15,5;0;2023-04-22
"chick325";"chick325";"MUR58";10,2;16,7;2023-05-07;16;1;2023-04-22
"chick326";"chick326";"MUR58";10,4;16,3;2023-05-07;15;0;2023-04-22
"chick327";"chick327";"MUR58";10,9;16,9;2023-05-07;15,5;1;2023-04-22
"chick328";"chick328";"MUR59";10,7;17,1;2023-05-07;16;0;2023-04-22
"chick329";"chick329";"MUR59";10,4;16,1;2023-05-07;15;0;2023-04-22
"chick330";"chick330";"MUR59";10,7;16,3;2023-05-07;15,5;1;2023-04-22
"chick331";"chick331";"MUR59";10,8;16,3;2023-05-07;16;0;2023-04-22
"chick332";"chick332";"MUR59";10,4;16,3;2023-05-07;15,5;0;2023-04-22
"chick333";"chick333";"MUR59";10,4;16,5;2023-05-07;16;1;2023-04-22
"chick334";"chick334";"MUR59";10,6;16,1;2023-05-07;16;0;2023-04-22
"chick335";"chick335";"MUR59";10,7;16;2023-05-07;15;0;2023-04-22
"chick336";"chick336";"MUR59";10,6;16,4;2023-05-07;16;0;2023-04-22
"chick337";"chick337";"MUR72";12,1;16,5;2023-05-09;15;2;2023-04-24
"chick338";"chick338";"MUR72";11,5;16,6;2023-05-09;15;0;2023-04-24
"chick339";"chick339";"MUR72";10,6;16,1;2023-05-09;15,5;1;2023-04-24
"chick340";"chick340";"MUR72";11;15,5;2023-05-09;15,5;1;2023-04-24
"chick341";"chick341";"MUR77";10,8;15,8;2023-05-11;15,5;1;2023-04-26
"chick342";"chick342";"MUR77";10,6;15,9;2023-05-11;16;4;2023-04-26
"chick343";"chick343";"MUR77";10;16,1;2023-05-11;15,5;0;2023-04-26
"chick344";"chick344";"MUR77";10,9;16,2;2023-05-11;15,5;3;2023-04-26
"chick345";"chick345";"MUR77";10,3;15,8;2023-05-11;15,5;2;2023-04-26
"chick346";"chick346";"MUR77";10,1;16,1;2023-05-11;15,5;0;2023-04-26
"chick347";"chick347";"MUR77";10,2;15,8;2023-05-11;15,5;2;2023-04-26
"chick348";"chick348";"MUR77";10,3;15,7;2023-05-11;15,5;0;2023-04-26
"chick349";"chick349";"MUR85";10,8;15,9;2023-05-10;15,5;3;2023-04-25
"chick350";"chick350";"MUR85";10,5;15,6;2023-05-10;15,5;2;2023-04-25
"chick351";"chick351";"MUR85";11,2;16,3;2023-05-10;14;1;2023-04-25
"chick352";"chick352";"MUR85";10,9;15,8;2023-05-10;15;3;2023-04-25
"chick353";"chick353";"MUR85";11;16,2;2023-05-10;15;7;2023-04-25
"chick354";"chick354";"MUR85";9,7;15,9;2023-05-10;15;4;2023-04-25
"chick355";"chick355";"MUR85";10,7;16,4;2023-05-10;15;2;2023-04-25
"chick356";"chick356";"MUR85";10,1;16,2;2023-05-10;15;5;2023-04-25
"chick357";"chick357";"MUR85";9,5;15,7;2023-05-10;16;4;2023-04-25
"chick358";"chick358";"MUR85";10,3;16,1;2023-05-10;15,5;3;2023-04-25
"chick359";"chick359";"MUR85";10,8;15,7;2023-05-10;15,5;3;2023-04-25
"chick360";"chick360";"MUR86";9,8;16,5;2023-04-29;15;0;2023-04-14
"chick361";"chick361";"MUR86";10,1;16,8;2023-04-29;15;1;2023-04-14
"chick362";"chick362";"MUR86";9,6;16,5;2023-04-29;15;0;2023-04-14
"chick363";"chick363";"MUR86";10,3;16,3;2023-04-29;15;2;2023-04-14
"chick364";"chick364";"MUR86";9,8;15,8;2023-04-29;15;1;2023-04-14
"chick365";"chick365";"MUR86";9,7;16,2;2023-04-29;15;2;2023-04-14
"chick366";"chick366";"MUR86";9,2;16,6;2023-04-29;15,5;2;2023-04-14
"chick367";"chick367";"MUR86";10,2;16,5;2023-04-29;15;0;2023-04-14
"chick368";"chick368";"MUR86";9,9;16,4;2023-04-29;15;0;2023-04-14
"chick369";"chick369";"MUR87";10,1;15,6;2023-05-07;15,5;3;2023-04-22
"chick370";"chick370";"MUR87";10,7;16,3;2023-05-07;15,5;2;2023-04-22
"chick371";"chick371";"MUR87";10,8;16,3;2023-05-07;15,5;1;2023-04-22
"chick372";"chick372";"MUR87";10,4;16,6;2023-05-07;15,5;3;2023-04-22
"chick373";"chick373";"MUR87";9,9;16,5;2023-05-07;15,5;2;2023-04-22
"chick374";"chick374";"MUR87";10;16;2023-05-07;15;2;2023-04-22
"chick375";"chick375";"MUR87";9,2;16;2023-05-07;15,5;2;2023-04-22
"chick376";"chick376";"MUR87";9,9;16,1;2023-05-07;15;2;2023-04-22
"chick377";"chick377";"MUR87";10;15,9;2023-05-07;15,5;4;2023-04-22
"chick378";"chick378";"MUR87";10,2;16,2;2023-05-07;15;3;2023-04-22
"chick379";"chick379";"MUR88";10,3;16,4;2023-05-07;15,5;2;2023-04-22
"chick380";"chick380";"MUR88";9,6;16;2023-05-07;15;3;2023-04-22
"chick381";"chick381";"MUR88";10,5;16,4;2023-05-07;15;2;2023-04-22
"chick382";"chick382";"MUR88";9,5;15,3;2023-05-07;15,5;2;2023-04-22
"chick383";"chick383";"MUR88";10,4;15,8;2023-05-07;15;3;2023-04-22
"chick384";"chick384";"MUR88bis-1";9,8;16,2;2023-05-03;15;0;2023-04-18
"chick385";"chick385";"MUR88bis-1";9,7;15,9;2023-05-03;15;0;2023-04-18
"chick386";"chick386";"MUR88bis-1";9,8;16,4;2023-05-03;15,5;1;2023-04-18
"chick387";"chick387";"MUR88bis-1";9,6;16,5;2023-05-03;15,5;4;2023-04-18
"chick388";"chick388";"MUR88bis-1";10,2;16,5;2023-05-03;15,5;0;2023-04-18
"chick389";"chick389";"MUR88bis-1";9,5;16,1;2023-05-03;15;0;2023-04-18
"chick390";"chick390";"MUR88bis-1";10,6;16,2;2023-05-03;15,5;4;2023-04-18
"chick391";"chick391";"MUR88bis-1";10,5;16,4;2023-05-03;15;1;2023-04-18
"chick392";"chick392";"MUR88bis-1";10,3;16,1;2023-05-03;15;2;2023-04-18
"chick393";"chick393";"MUR88bis-2";8,6;15;2023-06-17;14,5;0;2023-06-04
"chick394";"chick394";"MUR88bis-2";9,8;15,5;2023-06-17;14,5;4;2023-06-04
"chick395";"chick395";"MUR88bis-2";9,9;16,5;2023-06-17;14,5;0;2023-06-04
"chick396";"chick396";"MUR88bis-2";10,3;16,6;2023-06-17;14,5;0;2023-06-04
"chick397";"chick397";"MUR88bis-2";9,3;15;2023-06-17;13,5;2;2023-06-04
"chick398";"chick398";"MUR89";10,8;16,4;2023-05-18;15,5;2;2023-05-03
"chick399";"chick399";"MUR89";11,2;16,8;2023-05-18;15,5;3;2023-05-03
"chick400";"chick400";"MUR89";10,8;16,9;2023-05-18;15;0;2023-05-03
"chick401";"chick401";"MUR89";11,2;16,1;2023-05-18;15;2;2023-05-03
"chick402";"chick402";"MUR89";11,1;16,6;2023-05-18;15,5;1;2023-05-03
"chick403";"chick403";"MUR89";10,7;16;2023-05-18;15,5;2;2023-05-03
"chick404";"chick404";"MUR89";10,5;16;2023-05-18;15;2;2023-05-03
"chick405";"chick405";"MUR89";10,2;16,2;2023-05-18;15;2;2023-05-03
"chick406";"chick406";"MUR91";10;16,6;2023-05-07;15;1;2023-04-22
"chick407";"chick407";"MUR91";10,3;16,7;2023-05-07;15;2;2023-04-22
"chick408";"chick408";"MUR91";10,9;17,1;2023-05-07;15;2;2023-04-22
"chick409";"chick409";"MUR91";9,6;16,9;2023-05-07;16;1;2023-04-22
"chick410";"chick410";"MUR91";10,2;17,1;2023-05-07;14;0;2023-04-22
"chick411";"chick411";"MUR91";9,6;16,2;2023-05-07;15;2;2023-04-22
"chick412";"chick412";"MUR91";9,9;16,8;2023-05-07;14,5;0;2023-04-22
"chick413";"chick413";"MUR91";10,3;16,5;2023-05-07;15,5;2;2023-04-22
"chick414";"chick414";"MUR91";10,4;17,1;2023-05-07;15,5;3;2023-04-22
"chick415";"chick415";"MUR91";10,3;17,1;2023-05-07;15;3;2023-04-22
"chick416";"chick416";"MUR91";9,8;17,1;2023-05-07;15;2;2023-04-22
"chick417";"chick417";"MUR95";10,3;17;2023-05-05;15;2;2023-04-20
"chick418";"chick418";"MUR95";9,8;16,5;2023-05-05;15,5;0;2023-04-20
"chick419";"chick419";"MUR95";10,3;16,5;2023-05-05;15,5;2;2023-04-20
"chick420";"chick420";"MUR95";9,9;16,3;2023-05-05;15;1;2023-04-20
"chick421";"chick421";"MUR95";10,4;16,6;2023-05-05;15;1;2023-04-20
"chick422";"chick422";"MUR95";10,4;16,4;2023-05-05;15,5;1;2023-04-20
"chick423";"chick423";"MUR95";10,3;16,5;2023-05-05;15,5;0;2023-04-20
"chick424";"chick424";"MUR95";10,4;17,1;2023-05-05;15;0;2023-04-20
"chick425";"chick425";"MUR97";10,8;17;2023-05-05;15,5;2;2023-04-20
"chick426";"chick426";"MUR97";10,2;16,5;2023-05-05;15;1;2023-04-20
"chick427";"chick427";"MUR97";11;16,3;2023-05-05;15;0;2023-04-20
"chick428";"chick428";"MUR97";10,4;16,5;2023-05-05;15;2;2023-04-20
"chick429";"chick429";"MUR97";11,5;16,4;2023-05-05;15,5;4;2023-04-20
"chick430";"chick430";"MUR97";9,9;16,5;2023-05-05;15;3;2023-04-20
"chick431";"chick431";"MUR97";10,7;16,6;2023-05-05;15;3;2023-04-20
"chick432";"chick432";"MUR97";11,1;16,7;2023-05-05;15;3;2023-04-20
"chick433";"chick433";"MUR99";9,6;16,6;2023-05-06;15,5;3;2023-04-21
"chick434";"chick434";"MUR99";10;16,8;2023-05-06;15;1;2023-04-21
"chick435";"chick435";"MUR99";10,4;16,1;2023-05-06;15,5;3;2023-04-21
"chick436";"chick436";"MUR99";9,5;16,6;2023-05-06;15,5;3;2023-04-21
"chick437";"chick437";"MUR99";9,1;16;2023-05-06;16;2;2023-04-21
"chick438";"chick438";"MUR99";10,5;17,2;2023-05-06;15,5;3;2023-04-21
"chick439";"chick439";"MUR99";9,9;16,7;2023-05-06;15;3;2023-04-21
"chick440";"chick440";"MUR99";10,4;16,7;2023-05-06;15;2;2023-04-21
"chick441";"chick441";"MUR99";10,4;16,8;2023-05-06;15;1;2023-04-21
"chick442";"chick442";"MUR99";10,3;16,7;2023-05-06;15,5;3;2023-04-21
"chick443";"chick443";"MUR101-2";9,6;16,5;2023-06-04;15,5;2;2023-05-21
"chick444";"chick444";"MUR101-2";10,3;17;2023-06-04;15,5;1;2023-05-21
"chick445";"chick445";"MUR101-2";10,3;16,2;2023-06-04;15;0;2023-05-21
"chick446";"chick446";"MUR101-2";9,5;16;2023-06-04;13,5;0;2023-05-21
"chick447";"chick447";"FEL1";11,6;16,5;2023-05-08;15,5;1;2023-04-23
"chick448";"chick448";"FEL1";10,8;15,8;2023-05-08;15,5;1;2023-04-23
"chick449";"chick449";"FEL1";10,3;16,6;2023-05-08;14;0;2023-04-23
"chick450";"chick450";"FEL1";10,6;16,3;2023-05-08;15,5;0;2023-04-23
"chick451";"chick451";"FEL2";10;16,6;2023-06-10;15;4;2023-05-26
"chick452";"chick452";"FEL2";9,6;17;2023-06-10;15,5;2;2023-05-26
"chick453";"chick453";"FEL2";9,5;16,6;2023-06-10;15,5;0;2023-05-26
"chick454";"chick454";"FEL2";9;16,9;2023-06-10;16;2;2023-05-26
"chick455";"chick455";"FEL2";7,1;15,5;2023-06-10;14;0;2023-05-26
"chick456";"chick456";"FEL2";9,3;16,3;2023-06-10;15;4;2023-05-26
"chick457";"chick457";"FEL3";10,7;16,2;2023-05-13;15;0;2023-04-28
"chick458";"chick458";"FEL3";10,8;15,7;2023-05-13;15,5;0;2023-04-28
"chick459";"chick459";"FEL3";10,7;15,5;2023-05-13;15,5;0;2023-04-28
"chick460";"chick460";"FEL3";10,4;15,9;2023-05-13;15;0;2023-04-28
"chick461";"chick461";"FEL3";11;15,7;2023-05-13;14,5;0;2023-04-28
"chick462";"chick462";"FEL3";10,4;16;2023-05-13;14,5;3;2023-04-28
"chick463";"chick463";"FEL3";10,8;16,2;2023-05-13;14;1;2023-04-28
"chick464";"chick464";"FEL4";11,7;17,2;2023-05-20;15;2;2023-05-06
"chick465";"chick465";"FEL4";10,9;16,7;2023-05-20;14,5;2;2023-05-06
"chick466";"chick466";"FEL4";12;16,3;2023-05-20;15;3;2023-05-06
"chick467";"chick467";"FEL4";10,7;16,4;2023-05-20;15;2;2023-05-06
"chick468";"chick468";"FEL4";11,1;17,1;2023-05-20;14;3;2023-05-06
"chick469";"chick469";"FEL4";11,4;16,6;2023-05-20;15;2;2023-05-06
"chick470";"chick470";"FEL4";10,8;17;2023-05-20;14;4;2023-05-06
"chick471";"chick471";"FEL5";10,7;16,5;2023-05-07;15;3;2023-04-22
"chick472";"chick472";"FEL5";10,3;16,4;2023-05-07;15;1;2023-04-22
"chick473";"chick473";"FEL5";11,3;16,4;2023-05-07;15,5;1;2023-04-22
"chick474";"chick474";"FEL5";10,9;16;2023-05-07;15;0;2023-04-22
"chick475";"chick475";"FEL5";11,3;16,6;2023-05-07;15;1;2023-04-22
"chick476";"chick476";"FEL5";10,3;16,2;2023-05-07;15;0;2023-04-22
"chick477";"chick477";"FEL5";11,5;16,4;2023-05-07;15;0;2023-04-22
"chick478";"chick478";"FEL5";10,2;15,7;2023-05-07;15;0;2023-04-22
"chick479";"chick479";"FEL6";10,5;16,2;2023-05-20;14;2;2023-05-06
"chick480";"chick480";"FEL6";11,2;16,8;2023-05-20;14;1;2023-05-06
"chick481";"chick481";"FEL6";11,3;14,8;2023-05-20;14;3;2023-05-06
"chick482";"chick482";"FEL6";11,4;16;2023-05-20;14;1;2023-05-06
"chick483";"chick483";"FEL6";10,8;16,2;2023-05-20;14;0;2023-05-06
"chick484";"chick484";"FEL7";10,2;16,8;2023-05-09;16;1;2023-04-24
"chick485";"chick485";"FEL7";11;17,1;2023-05-09;16;3;2023-04-24
"chick486";"chick486";"FEL7";10,5;16,9;2023-05-09;15;0;2023-04-24
"chick487";"chick487";"FEL7";10,3;16,8;2023-05-09;15,5;2;2023-04-24
"chick488";"chick488";"FEL7";10,4;16,9;2023-05-09;15;3;2023-04-24
"chick489";"chick489";"FEL7";10,8;16,7;2023-05-09;15,5;3;2023-04-24
"chick490";"chick490";"FEL7";10,6;16,1;2023-05-09;16;2;2023-04-24
"chick491";"chick491";"FEL7";10,4;16,6;2023-05-09;15,5;2;2023-04-24
"chick492";"chick492";"FEL8";11,1;17;2023-05-07;15;0;2023-04-22
"chick493";"chick493";"FEL8";10,8;15,9;2023-05-07;15;3;2023-04-22
"chick494";"chick494";"FEL8";10,5;16,5;2023-05-07;15,5;2;2023-04-22
"chick495";"chick495";"FEL8";9,7;16,5;2023-05-07;15,5;0;2023-04-22
"chick496";"chick496";"FEL8";9,7;15,9;2023-05-07;15;2;2023-04-22
"chick497";"chick497";"FEL8";10,4;16,4;2023-05-07;15;3;2023-04-22
"chick498";"chick498";"FEL8";9,7;16,4;2023-05-07;15,5;0;2023-04-22
"chick499";"chick499";"FEL8";10,6;17;2023-05-07;15;2;2023-04-22
"chick500";"chick500";"FEL8";10,1;17,8;2023-05-07;15,5;3;2023-04-22
"chick501";"chick501";"FEL9";10,4;15,8;2023-05-08;15,5;4;2023-04-23
"chick502";"chick502";"FEL9";10,9;16,3;2023-05-08;15;3;2023-04-23
"chick503";"chick503";"FEL9";10,3;16,8;2023-05-08;15;1;2023-04-23
"chick504";"chick504";"FEL9";10,4;16,6;2023-05-08;15;0;2023-04-23
"chick505";"chick505";"FEL9";11,1;16,5;2023-05-08;15;3;2023-04-23
"chick506";"chick506";"FEL9";10,2;16,1;2023-05-08;15;3;2023-04-23
"chick507";"chick507";"FEL9";10,9;16,2;2023-05-08;15;2;2023-04-23
"chick508";"chick508";"FEL9";10,6;16,2;2023-05-08;15,5;3;2023-04-23
"chick509";"chick509";"FEL9";10,1;16,2;2023-05-08;15;4;2023-04-23
"chick510";"chick510";"FEL10";10,7;16,1;2023-05-23;15,5;1;2023-05-08
"chick511";"chick511";"FEL10";10,6;16,1;2023-05-23;15,5;0;2023-05-08
"chick512";"chick512";"FEL10";10,3;16,1;2023-05-23;15;0;2023-05-08
"chick513";"chick513";"FEL11";10,6;16,5;2023-05-11;15,5;3;2023-04-26
"chick514";"chick514";"FEL11";10,4;16,6;2023-05-11;14,5;1;2023-04-26
"chick515";"chick515";"FEL11";10,1;16;2023-05-11;15;2;2023-04-26
"chick516";"chick516";"FEL11";10,2;16;2023-05-11;15,5;1;2023-04-26
"chick517";"chick517";"FEL11";10;16,2;2023-05-11;15;1;2023-04-26
"chick518";"chick518";"FEL11";10,2;16;2023-05-11;15,5;1;2023-04-26
"chick519";"chick519";"FEL11";10,7;17;2023-05-11;15;0;2023-04-26
"chick520";"chick520";"FEL11";9,8;16,2;2023-05-11;15,5;1;2023-04-26
"chick521";"chick521";"FEL11";10,6;17,1;2023-05-11;15,5;2;2023-04-26
"chick522";"chick522";"FEL11";10,6;16,7;2023-05-11;14,5;1;2023-04-26
"chick523";"chick523";"FEL11";10,7;16,5;2023-05-11;15,5;2;2023-04-26
"chick524";"chick524";"FEL11";10,8;16,7;2023-05-11;15,5;1;2023-04-26
"chick525";"chick525";"FEL12";11,2;16,7;2023-05-13;15,5;0;2023-04-28
"chick526";"chick526";"FEL12";11,1;16,1;2023-05-13;14;2;2023-04-28
"chick527";"chick527";"FEL12";11,5;16,7;2023-05-13;15,5;3;2023-04-28
"chick528";"chick528";"FEL12";11,1;17;2023-05-13;16;3;2023-04-28
"chick529";"chick529";"FEL12";10,7;15,7;2023-05-13;15;3;2023-04-28
"chick530";"chick530";"FEL12";NA;16,3;2023-05-13;15,5;2;2023-04-28
"chick531";"chick531";"FEL13-1";10;16,1;2023-05-08;16;4;2023-04-23
"chick532";"chick532";"FEL13-1";10;16,2;2023-05-08;16;3;2023-04-23
"chick533";"chick533";"FEL14";11,6;17,4;2023-05-10;15,5;0;2023-04-25
"chick534";"chick534";"FEL14";11;16,5;2023-05-10;15,5;2;2023-04-25
"chick535";"chick535";"FEL14";10,6;16,5;2023-05-10;15;3;2023-04-25
"chick536";"chick536";"FEL14";10,3;16,3;2023-05-10;15;2;2023-04-25
"chick537";"chick537";"FEL14";10,8;16,6;2023-05-10;15,5;2;2023-04-25
"chick538";"chick538";"FEL14";10,8;16,9;2023-05-10;15,5;1;2023-04-25
"chick539";"chick539";"FEL14";10,8;16,1;2023-05-10;15,5;2;2023-04-25
"chick540";"chick540";"FEL14";10,4;17;2023-05-10;15,5;1;2023-04-25
"chick541";"chick541";"FEL15";9,8;16,3;2023-05-12;15;3;2023-04-27
"chick542";"chick542";"FEL15";9,7;16,3;2023-05-12;15,5;1;2023-04-27
"chick543";"chick543";"FEL15";9,6;16,1;2023-05-12;15,5;1;2023-04-27
"chick544";"chick544";"FEL15";10;16,3;2023-05-12;15;4;2023-04-27
"chick545";"chick545";"FEL16";10,9;15,8;2023-05-20;15;0;2023-05-05
"chick546";"chick546";"FEL16";10,5;15,8;2023-05-20;15,5;2;2023-05-05
"chick547";"chick547";"FEL16";10,8;16,4;2023-05-20;15,5;0;2023-05-05
"chick548";"chick548";"FEL16";11,4;15,9;2023-05-20;15;2;2023-05-05
"chick549";"chick549";"FEL16";10,3;15,9;2023-05-20;15,5;1;2023-05-05
"chick550";"chick550";"FEL16";10,6;16,2;2023-05-20;15,5;3;2023-05-05
"chick551";"chick551";"FEL16";10,4;15,4;2023-05-20;15;0;2023-05-05
"chick552";"chick552";"FEL17";10,1;17,5;2023-05-27;14;3;2023-05-12
"chick553";"chick553";"FEL17";10,8;16,7;2023-05-27;14,5;3;2023-05-12
"chick554";"chick554";"FEL17";9,3;15,4;2023-05-27;14;5;2023-05-12
"chick555";"chick555";"FEL17";10;16,8;2023-05-27;15;0;2023-05-12
"chick556";"chick556";"FEL17";9,5;16,1;2023-05-27;14;3;2023-05-12
"chick557";"chick557";"FEL17";9,9;16,3;2023-05-27;15;2;2023-05-12
"chick558";"chick558";"FEL17";9,7;16,3;2023-05-27;14,5;2;2023-05-12
"chick559";"chick559";"FEL19";10,4;16,6;2023-06-14;15,5;3;2023-05-30
"chick560";"chick560";"FEL19";10,1;16,7;2023-06-14;15,5;2;2023-05-30
"chick561";"chick561";"FEL19";9,8;16,6;2023-06-14;15;2;2023-05-30
"chick562";"chick562";"FEL19";10,2;16,8;2023-06-14;15,5;2;2023-05-30
"chick563";"chick563";"FEL19";10;16,2;2023-06-14;15;3;2023-05-30
"chick564";"chick564";"FEL20-1";10,9;15,9;2023-05-04;15;3;2023-04-19
"chick565";"chick565";"FEL20-1";11;16,1;2023-05-04;15;2;2023-04-19
"chick566";"chick566";"FEL20-1";10,4;16,4;2023-05-04;15;1;2023-04-19
"chick567";"chick567";"FEL20-1";11,1;16,1;2023-05-04;15;3;2023-04-19
"chick568";"chick568";"FEL20-1";11,7;16,6;2023-05-04;15;4;2023-04-19
"chick569";"chick569";"FEL20-1";11,2;16,5;2023-05-04;15;3;2023-04-19
"chick570";"chick570";"FEL20-1";10,5;16;2023-05-04;15;3;2023-04-19
"chick571";"chick571";"FEL20-1";11,2;15,3;2023-05-04;15;2;2023-04-19
"chick572";"chick572";"FEL20-1";10,7;15,8;2023-05-04;15,5;5;2023-04-19
"chick573";"chick573";"FEL20-2";10,1;16,8;2023-06-14;14,5;2;2023-05-31
"chick574";"chick574";"FEL20-2";NA;NA;2023-06-14;NA;0;2023-05-31
"chick575";"chick575";"FEL20-2";8,7;NA;2023-06-14;12;2;2023-05-31
"chick576";"chick576";"ARI2";10,3;16,7;2023-05-12;16;1;2023-04-27
"chick577";"chick577";"ARI2";10,2;16,6;2023-05-12;16;3;2023-04-27
"chick578";"chick578";"ARI4";10,9;16;2023-05-14;14,5;2;2023-04-29
"chick579";"chick579";"ARI14";10,2;15,4;2023-05-08;15;1;2023-04-23
"chick580";"chick580";"ARI14";10,7;15,6;2023-05-08;15;1;2023-04-23
"chick581";"chick581";"ARI14";11;16,1;2023-05-08;15;3;2023-04-23
"chick582";"chick582";"ARI14";10,3;15,5;2023-05-08;15;0;2023-04-23
"chick583";"chick583";"ARI14";11,4;15,9;2023-05-08;15;0;2023-04-23
"chick584";"chick584";"ARI14";11,8;16,1;2023-05-08;15;1;2023-04-23
"chick585";"chick585";"ARI16";9,4;15;2023-05-14;14;0;2023-04-29
"chick586";"chick586";"ARI16";8,8;15,9;2023-05-14;15;2;2023-04-29
"chick587";"chick587";"ARI16";9,6;15,8;2023-05-14;15;2;2023-04-29
"chick588";"chick588";"ARI16";9,2;15,9;2023-05-14;15;0;2023-04-29
"chick589";"chick589";"ARI16";9;15,9;2023-05-14;15;0;2023-04-29
"chick590";"chick590";"ARI18";11,1;15,8;2023-05-20;15,5;0;2023-05-05
"chick591";"chick591";"ARI18";10,6;16;2023-05-20;15,5;0;2023-05-05
"chick592";"chick592";"ARI18";11;16,7;2023-05-20;16;0;2023-05-05
"chick593";"chick593";"ARI18";11,2;17;2023-05-20;15;1;2023-05-05
"chick594";"chick594";"ARI23";10,3;15,5;2023-05-18;15,5;2;2023-05-03
"chick595";"chick595";"ARI23";10,4;15,4;2023-05-18;15;2;2023-05-03
"chick596";"chick596";"ARI23";11,2;16;2023-05-18;14,5;3;2023-05-03
"chick597";"chick597";"ARI23";10,6;16,5;2023-05-18;15;5;2023-05-03
"chick598";"chick598";"ARI25";10,1;16,1;2023-05-13;15;0;2023-04-28
"chick599";"chick599";"ARI25";10,5;16,1;2023-05-13;15;0;2023-04-28
"chick600";"chick600";"ARI25";10,1;16;2023-05-13;15;0;2023-04-28
"chick601";"chick601";"ARI25";10,4;15,5;2023-05-13;15;1;2023-04-28
"chick602";"chick602";"ARI25";10,8;15,6;2023-05-13;15;2;2023-04-28
"chick603";"chick603";"ARI25";10,9;16,1;2023-05-13;15;2;2023-04-28
"chick604";"chick604";"ARI25";10,5;16;2023-05-13;15;2;2023-04-28
"chick605";"chick605";"ARI29";11;17,2;2023-05-14;15;3;2023-04-29
"chick606";"chick606";"ARI29";10,5;16,6;2023-05-14;15,5;1;2023-04-29
"chick607";"chick607";"ARI29";10,5;16,2;2023-05-14;15,5;3;2023-04-29
"chick608";"chick608";"ARI29";10,4;15,9;2023-05-14;15,5;3;2023-04-29
"chick609";"chick609";"ARI29";10,5;16,4;2023-05-14;15,5;2;2023-04-29
"chick610";"chick610";"ARI29";11;16,3;2023-05-14;15;3;2023-04-29
"chick611";"chick611";"ARI29";11;17,1;2023-05-14;15,5;3;2023-04-29
"chick612";"chick612";"ARI29";10,4;16,1;2023-05-14;15;2;2023-04-29
"chick613";"chick613";"ARI30";10,3;15,9;2023-05-23;15;2;2023-05-09
"chick614";"chick614";"ARI30";10,2;15,8;2023-05-23;14,5;0;2023-05-09
"chick615";"chick615";"ARI30";9,7;15,8;2023-05-23;15;0;2023-05-09
"chick616";"chick616";"ARI30";10,4;15,8;2023-05-23;14,5;0;2023-05-09
"chick617";"chick617";"ARI30";9,8;15,8;2023-05-23;14,5;2;2023-05-09
"chick618";"chick618";"ARI30";9,9;15,3;2023-05-23;14;0;2023-05-09
"chick619";"chick619";"FIL1";10,6;16,3;2023-05-09;15;2;2023-04-24
"chick620";"chick620";"FIL1";10,7;16,6;2023-05-09;15,5;0;2023-04-24
"chick621";"chick621";"FIL1";10;16,3;2023-05-09;15;1;2023-04-24
"chick622";"chick622";"FIL1";10,8;16,1;2023-05-09;15;0;2023-04-24
"chick623";"chick623";"FIL1";10,2;16,1;2023-05-09;15;2;2023-04-24
"chick624";"chick624";"FIL1";10,3;17,2;2023-05-09;15;2;2023-04-24
"chick625";"chick625";"FIL1";10,2;16,7;2023-05-09;15;2;2023-04-24
"chick626";"chick626";"FIL2";8,5;15;2023-05-20;15;0;2023-05-05
"chick627";"chick627";"FIL2";10,3;15,8;2023-05-20;15;1;2023-05-05
"chick628";"chick628";"FIL2";9;15,6;2023-05-20;15;0;2023-05-05
"chick629";"chick629";"FIL2";9,2;15,7;2023-05-20;15;0;2023-05-05
"chick630";"chick630";"FIL2";9,7;15,9;2023-05-20;15;3;2023-05-05
"chick631";"chick631";"FIL2";10,2;16,1;2023-05-20;15;3;2023-05-05
"chick632";"chick632";"FIL2";9,9;15,7;2023-05-20;15;0;2023-05-05
"chick633";"chick633";"FIL2";10,3;16,4;2023-05-20;15;2;2023-05-05
"chick634";"chick634";"FIL3";10,5;16,3;2023-05-13;16;1;2023-04-28
"chick635";"chick635";"FIL3";10,2;16,6;2023-05-13;15,5;3;2023-04-28
"chick636";"chick636";"FIL3";9,6;15,9;2023-05-13;16;0;2023-04-28
"chick637";"chick637";"FIL3";10,2;15,9;2023-05-13;15,5;3;2023-04-28
"chick638";"chick638";"FIL3";10,3;16,1;2023-05-13;16;1;2023-04-28
"chick639";"chick639";"FIL3";9,7;16,1;2023-05-13;16;2;2023-04-28
"chick640";"chick640";"FIL3";9,7;15,5;2023-05-13;16;0;2023-04-28
"chick641";"chick641";"FIL3";9,7;15,7;2023-05-13;16;2;2023-04-28
"chick642";"chick642";"FIL3";9,7;16,1;2023-05-13;16;1;2023-04-28
"chick643";"chick643";"FIL4-2";10;16,1;2023-06-10;16;0;2023-05-26
"chick644";"chick644";"FIL4-2";10,4;16,1;2023-06-10;16;0;2023-05-26
"chick645";"chick645";"FIL4-2";10,2;15,5;2023-06-10;15,5;0;2023-05-26
"chick646";"chick646";"FIL4-2";10,3;16;2023-06-10;15,5;0;2023-05-26
"chick647";"chick647";"FIL4-2";10;16,2;2023-06-10;14,5;1;2023-05-26
"chick648";"chick648";"FIL5";10;15,9;2023-05-19;15;2;2023-05-04
"chick649";"chick649";"FIL5";9,9;16,1;2023-05-19;15;1;2023-05-04
"chick650";"chick650";"FIL5";10,6;16,3;2023-05-19;16;2;2023-05-04
"chick651";"chick651";"FIL5";10,9;16;2023-05-19;15,5;1;2023-05-04
"chick652";"chick652";"FIL5";10,2;16;2023-05-19;15;3;2023-05-04
"chick653";"chick653";"FIL5";9,3;16;2023-05-19;15,5;1;2023-05-04
"chick654";"chick654";"FIL5";10,3;16,1;2023-05-19;15,5;0;2023-05-04
"chick655";"chick655";"FIL6-1";10,4;16,2;2023-05-09;15;1;2023-04-24
"chick656";"chick656";"FIL6-1";11,1;16,5;2023-05-09;15;4;2023-04-24
"chick657";"chick657";"FIL6-1";10,3;15,3;2023-05-09;15;2;2023-04-24
"chick658";"chick658";"FIL6-1";9,6;15,5;2023-05-09;15;3;2023-04-24
"chick659";"chick659";"FIL6-1";10,7;16,6;2023-05-09;15;1;2023-04-24
"chick660";"chick660";"FIL6-1";10,3;15,6;2023-05-09;15,5;3;2023-04-24
"chick661";"chick661";"FIL6-1";10,4;16,1;2023-05-09;15,5;2;2023-04-24
"chick662";"chick662";"FIL6-1";11,3;16,6;2023-05-09;15,5;2;2023-04-24
"chick663";"chick663";"FIL6-2";11,1;17,1;2023-06-14;15;3;2023-05-31
"chick664";"chick664";"FIL6-2";11,4;16,6;2023-06-14;15;3;2023-05-31
"chick665";"chick665";"FIL6-2";10,8;16,2;2023-06-14;14,5;3;2023-05-31
"chick666";"chick666";"FIL6-2";10,5;15,8;2023-06-14;15,5;2;2023-05-31
"chick667";"chick667";"FIL6-2";10;15,8;2023-06-14;15;2;2023-05-31
"chick668";"chick668";"FIL6-2";11,2;NA;2023-06-14;12,5;0;2023-05-31
"chick669";"chick669";"FIL7";10,2;16,4;2023-05-10;15,5;2;2023-04-25
"chick670";"chick670";"FIL7";10;16,3;2023-05-10;15;0;2023-04-25
"chick671";"chick671";"FIL7";10;16,1;2023-05-10;15;3;2023-04-25
"chick672";"chick672";"FIL7";9,8;16,1;2023-05-10;15,5;3;2023-04-25
"chick673";"chick673";"FIL7";9,4;16,3;2023-05-10;15;1;2023-04-25
"chick674";"chick674";"FIL7";10,1;15,8;2023-05-10;15,5;2;2023-04-25
"chick675";"chick675";"FIL8";11,3;15,4;2023-05-20;15;0;2023-05-05
"chick676";"chick676";"FIL8";10,4;16;2023-05-20;15;1;2023-05-05
"chick677";"chick677";"FIL8";11,1;17;2023-05-20;15;3;2023-05-05
"chick678";"chick678";"FIL8";10,2;15,9;2023-05-20;15;1;2023-05-05
"chick679";"chick679";"FIL9";8,7;15,4;2023-05-23;15;1;2023-05-08
"chick680";"chick680";"FIL9";9,1;15,5;2023-05-23;14;0;2023-05-08
"chick681";"chick681";"FIL9";8,8;15,6;2023-05-23;15;0;2023-05-08
"chick682";"chick682";"FIL9";10;17,1;2023-05-23;15;0;2023-05-08
"chick683";"chick683";"FIL9";9,4;15,5;2023-05-23;14;2;2023-05-08
"chick684";"chick684";"FIL9";8,9;16,4;2023-05-23;15;0;2023-05-08
"chick685";"chick685";"FIL9";9,3;16,2;2023-05-23;14,5;0;2023-05-08
"chick686";"chick686";"FIL9";7;16,2;2023-05-23;15;1;2023-05-08
"chick687";"chick687";"FIL9";8,5;15,3;2023-05-23;13;0;2023-05-08
"chick688";"chick688";"FIL10";8,4;15,4;2023-05-31;16;1;2023-05-16
"chick689";"chick689";"FIL10";7,7;15,2;2023-05-31;15,5;0;2023-05-16
"chick690";"chick690";"FIL10";9,5;16,1;2023-05-31;16;0;2023-05-16
"chick691";"chick691";"FIL10";8,8;15,9;2023-05-31;15,5;0;2023-05-16
"chick692";"chick692";"FIL10";9,4;16;2023-05-31;15,5;1;2023-05-16
"chick693";"chick693";"FIL10";9,2;15,9;2023-05-31;16;0;2023-05-16
"chick694";"chick694";"FIL10";9,7;15,7;2023-05-31;16;0;2023-05-16
"chick695";"chick695";"FIL11";9,6;16,1;2023-05-16;15;3;2023-05-01
"chick696";"chick696";"FIL11";10,3;16,4;2023-05-16;15,5;5;2023-05-01
"chick697";"chick697";"FIL11";10,1;16,4;2023-05-16;15,5;4;2023-05-01
"chick698";"chick698";"FIL11";9,6;16,4;2023-05-16;15;3;2023-05-01
"chick699";"chick699";"FIL11";10,1;16,3;2023-05-16;15;4;2023-05-01
"chick700";"chick700";"FIL11";10,3;16,6;2023-05-16;15;3;2023-05-01
"chick701";"chick701";"FIL11";9,4;15,7;2023-05-16;15;5;2023-05-01
"chick702";"chick702";"FIL11";9,9;16,2;2023-05-16;15;3;2023-05-01
"chick703";"chick703";"FIL12";10,4;17,2;2023-05-16;15;0;2023-05-01
"chick704";"chick704";"FIL12";10,2;16,5;2023-05-16;15;2;2023-05-01
"chick705";"chick705";"FIL12";10,3;16,7;2023-05-16;15;3;2023-05-01
"chick706";"chick706";"FIL12";10,5;16,6;2023-05-16;15;1;2023-05-01
"chick707";"chick707";"FIL12";10;16,8;2023-05-16;15;0;2023-05-01
"chick708";"chick708";"FIL12";10,3;16;2023-05-16;15;3;2023-05-01
"chick709";"chick709";"FIL13";10,2;16,8;2023-05-11;15,5;0;2023-04-26
"chick710";"chick710";"FIL13";10,6;17,2;2023-05-11;15,5;0;2023-04-26
"chick711";"chick711";"FIL13";10,3;16,7;2023-05-11;16;0;2023-04-26
"chick712";"chick712";"FIL13";9,6;16,6;2023-05-11;15,5;1;2023-04-26
"chick713";"chick713";"FIL13";9,7;15,9;2023-05-11;15,5;1;2023-04-26
"chick714";"chick714";"FIL13";10,4;16,4;2023-05-11;15;0;2023-04-26
"chick715";"chick715";"FIL13";10,5;17,2;2023-05-11;15,5;0;2023-04-26
"chick716";"chick716";"FIL14";9,8;NA;2023-05-19;15,5;0;2023-05-04
"chick717";"chick717";"FIL14";10;NA;2023-05-19;15;1;2023-05-04
"chick718";"chick718";"FIL14";10,3;NA;2023-05-19;15,5;0;2023-05-04
"chick719";"chick719";"FIL14";10,9;NA;2023-05-19;15,5;1;2023-05-04
"chick720";"chick720";"FIL14";9,9;NA;2023-05-19;15;0;2023-05-04
"chick721";"chick721";"FIL14";10;NA;2023-05-19;15,5;0;2023-05-04
"chick722";"chick722";"FIL15";10,7;16,5;2023-05-11;15,5;0;2023-04-26
"chick723";"chick723";"FIL15";11,1;16,2;2023-05-11;16;2;2023-04-26
"chick724";"chick724";"FIL15";10,4;15,4;2023-05-11;15;0;2023-04-26
"chick725";"chick725";"FIL15";10,5;16,4;2023-05-11;15,5;2;2023-04-26
"chick726";"chick726";"FIL15";11,6;17;2023-05-11;15,5;2;2023-04-26
"chick727";"chick727";"FIL16";9,5;16,2;2023-05-25;15,5;2;2023-05-10
"chick728";"chick728";"FIL16";8,8;15,8;2023-05-25;16;3;2023-05-10
"chick729";"chick729";"FIL16";9;15,6;2023-05-25;16;3;2023-05-10
"chick730";"chick730";"FIL16";9,6;16,9;2023-05-25;16;2;2023-05-10
"chick731";"chick731";"FIL16";9,8;16,3;2023-05-25;15;1;2023-05-10
"chick732";"chick732";"FIL19";9,1;16;2023-05-23;15;2;2023-05-09
"chick733";"chick733";"FIL19";9;16,7;2023-05-23;14,5;2;2023-05-09
"chick734";"chick734";"FIL19";9,6;16,1;2023-05-23;15,5;2;2023-05-09
"chick735";"chick735";"FIL19";9,1;15,7;2023-05-23;15;2;2023-05-09
"chick736";"chick736";"FIL19";9,4;16,2;2023-05-23;15;1;2023-05-09
"chick737";"chick737";"FIL19";9,5;16,5;2023-05-23;15;1;2023-05-09
"chick738";"chick738";"FIL19bis";11,2;17;2023-05-19;16;3;2023-05-04
"chick739";"chick739";"FIL19bis";10,5;16;2023-05-19;15,5;0;2023-05-04
"chick740";"chick740";"FIL19bis";10,5;16,1;2023-05-19;16;0;2023-05-04
"chick741";"chick741";"FIL19bis";10,4;15,5;2023-05-19;15,5;1;2023-05-04
"chick742";"chick742";"FIL19bis";10,8;16,5;2023-05-19;16;1;2023-05-04
"chick743";"chick743";"FIL19bis";10,7;16,8;2023-05-19;15;0;2023-05-04
"chick744";"chick744";"FIL21";11,1;16,7;2023-05-11;14,5;0;2023-04-26
"chick745";"chick745";"FIL21";10,4;17;2023-05-11;15,5;3;2023-04-26
"chick746";"chick746";"FIL21";10,8;17;2023-05-11;15,5;1;2023-04-26
"chick747";"chick747";"FIL21";10,8;16,6;2023-05-11;15,5;1;2023-04-26
"chick748";"chick748";"FIL21";10,6;16,7;2023-05-11;15,5;2;2023-04-26
"chick749";"chick749";"FIL21";10,3;16;2023-05-11;15,5;4;2023-04-26
"chick750";"chick750";"FIL21";10,8;16,6;2023-05-11;15,5;2;2023-04-26
"chick751";"chick751";"FIL21";11,5;17,1;2023-05-11;15;0;2023-04-26
"chick752";"chick752";"FIL23";10,7;16,2;2023-05-25;15;2;2023-05-11
"chick753";"chick753";"FIL23";9,9;16,2;2023-05-25;14,5;0;2023-05-11
"chick754";"chick754";"FIL23";10,4;16,5;2023-05-25;15;2;2023-05-11
"chick755";"chick755";"FIL23";10,5;16,4;2023-05-25;15;2;2023-05-11
"chick756";"chick756";"FIL23";10,4;16;2023-05-25;15;0;2023-05-11
"chick757";"chick757";"FIL23";10,7;16,8;2023-05-25;14,5;2;2023-05-11
"chick758";"chick758";"FIL24";10;16,1;2023-05-14;15;2;2023-04-29
"chick759";"chick759";"FIL24";9,9;16,7;2023-05-14;15;2;2023-04-29
"chick760";"chick760";"FIL24";9,4;15,8;2023-05-14;15;3;2023-04-29
"chick761";"chick761";"FIL24";10,2;17,1;2023-05-14;15;2;2023-04-29
"chick762";"chick762";"FIL24";10;16;2023-05-14;15,5;2;2023-04-29
"chick763";"chick763";"FIL24";10,7;17,4;2023-05-14;15;3;2023-04-29
"chick764";"chick764";"FIL24";9,9;16,5;2023-05-14;15;4;2023-04-29
"chick765";"chick765";"FIL24";10,1;16,1;2023-05-14;15;3;2023-04-29
"chick766";"chick766";"FIL25";10,3;14,9;2023-05-14;15;1;2023-04-29
"chick767";"chick767";"FIL25";9,7;15,5;2023-05-14;15;2;2023-04-29
"chick768";"chick768";"FIL25";9,8;16;2023-05-14;15,5;1;2023-04-29
"chick769";"chick769";"FIL25";9,4;15,8;2023-05-14;15;3;2023-04-29
"chick770";"chick770";"FIL25";10,4;15,7;2023-05-14;15;1;2023-04-29
"chick771";"chick771";"FIL25";11;16,9;2023-05-14;15,5;2;2023-04-29
"chick772";"chick772";"FIL25";10,7;16,6;2023-05-14;15;3;2023-04-29
"chick773";"chick773";"GRA1";10,2;16,3;2023-05-10;15,5;0;2023-04-25
"chick774";"chick774";"GRA1";10,4;16,6;2023-05-10;15,5;4;2023-04-25
"chick775";"chick775";"GRA1";9,6;16,1;2023-05-10;15,5;1;2023-04-25
"chick776";"chick776";"GRA1";10,5;17;2023-05-10;15,5;3;2023-04-25
"chick777";"chick777";"GRA1";10,3;16,5;2023-05-10;15;1;2023-04-25
"chick778";"chick778";"GRA1";9,6;15,9;2023-05-10;15;3;2023-04-25
"chick779";"chick779";"GRA1";10,2;16,4;2023-05-10;15;3;2023-04-25
"chick780";"chick780";"GRA1";10,3;16,8;2023-05-10;15,5;2;2023-04-25
"chick781";"chick781";"GRA3";10,4;15,7;2023-05-11;15;1;2023-04-26
"chick782";"chick782";"GRA3";10,4;16,3;2023-05-11;15;0;2023-04-26
"chick783";"chick783";"GRA3";10,9;16,2;2023-05-11;15,5;0;2023-04-26
"chick784";"chick784";"GRA3";10,7;16,2;2023-05-11;15,5;0;2023-04-26
"chick785";"chick785";"GRA3";10,8;15,9;2023-05-11;15;2;2023-04-26
"chick786";"chick786";"GRA3";10,1;15,6;2023-05-11;15;3;2023-04-26
"chick787";"chick787";"GRA3";10,4;16,1;2023-05-11;15;1;2023-04-26
"chick788";"chick788";"GRA5";9,2;14,2;2023-06-10;15;2;2023-05-25
"chick789";"chick789";"GRA5";9,7;15,2;2023-06-10;16;2;2023-05-25
"chick790";"chick790";"GRA5";9,9;16;2023-06-10;16;1;2023-05-25
"chick791";"chick791";"GRA5";9,6;15,5;2023-06-10;16;0;2023-05-25
"chick792";"chick792";"GRA5";10,3;15,6;2023-06-10;16;0;2023-05-25
"chick793";"chick793";"GRA5";9,7;15,4;2023-06-10;16;2;2023-05-25
"chick794";"chick794";"GRA7";9,5;15,4;2023-05-20;15;0;2023-05-06
"chick795";"chick795";"GRA7";9,7;16,6;2023-05-20;15;1;2023-05-06
"chick796";"chick796";"GRA7";10;15,8;2023-05-20;14;1;2023-05-06
"chick797";"chick797";"GRA7";10,1;16;2023-05-20;14,5;3;2023-05-06
"chick798";"chick798";"GRA7";10,2;15,9;2023-05-20;15;2;2023-05-06
"chick799";"chick799";"GRA7";9,5;15,6;2023-05-20;15,5;3;2023-05-06
"chick800";"chick800";"GRA7";9,7;16,1;2023-05-20;14,5;2;2023-05-06
"chick801";"chick801";"GRA8";10,7;16,7;2023-05-12;15;1;2023-04-27
"chick802";"chick802";"GRA8";10,2;15,8;2023-05-12;15;0;2023-04-27
"chick803";"chick803";"GRA8";10,7;16,9;2023-05-12;15;3;2023-04-27
"chick804";"chick804";"GRA8";10,2;16,2;2023-05-12;15;2;2023-04-27
"chick805";"chick805";"GRA8";10,2;16,1;2023-05-12;15;0;2023-04-27
"chick806";"chick806";"GRA8";10,9;16,7;2023-05-12;15;3;2023-04-27
"chick807";"chick807";"GRA9";10,8;16,3;2023-05-17;15;2;2023-05-02
"chick808";"chick808";"GRA9";10,1;16,3;2023-05-17;15,5;4;2023-05-02
"chick809";"chick809";"GRA9";10,3;16,3;2023-05-17;15,5;4;2023-05-02
"chick810";"chick810";"GRA11";11,4;16,1;2023-05-20;14,5;0;2023-05-06
"chick811";"chick811";"GRA11";11,1;16,3;2023-05-20;14;0;2023-05-06
"chick812";"chick812";"GRA11";9,3;14,9;2023-05-20;13,5;0;2023-05-06
"chick813";"chick813";"GRA11";11,2;15,8;2023-05-20;14,5;2;2023-05-06
"chick814";"chick814";"GRA11";10,6;15,7;2023-05-20;14,5;0;2023-05-06
"chick815";"chick815";"GRA13";11,2;17,3;2023-05-15;15,5;2;2023-04-30
"chick816";"chick816";"GRA13";11,3;17,3;2023-05-15;15;1;2023-04-30
"chick817";"chick817";"GRA13";11;16,5;2023-05-15;15;1;2023-04-30
"chick818";"chick818";"GRA13";10,9;17,3;2023-05-15;15,5;0;2023-04-30
"chick819";"chick819";"GRA13";11,1;16,7;2023-05-15;15;0;2023-04-30
"chick820";"chick820";"GRA13";11,1;17;2023-05-15;15,5;3;2023-04-30
"chick821";"chick821";"GRA13";10,9;16,5;2023-05-15;15;0;2023-04-30
"chick822";"chick822";"GRA14";NA;16,7;2023-05-08;15;1;2023-04-23
"chick823";"chick823";"GRA14";9,6;15,2;2023-05-08;15,5;1;2023-04-23
"chick824";"chick824";"GRA14";10,4;16,5;2023-05-08;15;1;2023-04-23
"chick825";"chick825";"GRA14";10,9;16,8;2023-05-08;15;3;2023-04-23
"chick826";"chick826";"GRA14";9,3;15,2;2023-05-08;15,5;0;2023-04-23
"chick827";"chick827";"GRA14";10,3;16,5;2023-05-08;15;1;2023-04-23
"chick828";"chick828";"GRA14";9,6;15,3;2023-05-08;15;3;2023-04-23
"chick829";"chick829";"GRA15";9,5;16,4;2023-05-20;15;0;2023-05-05
"chick830";"chick830";"GRA15";10,3;16,3;2023-05-20;15;1;2023-05-05
"chick831";"chick831";"GRA15";9,3;15,8;2023-05-20;15;0;2023-05-05
"chick832";"chick832";"GRA15";10;16,9;2023-05-20;15;0;2023-05-05
"chick833";"chick833";"GRA15";9,4;16;2023-05-20;15;3;2023-05-05
"chick834";"chick834";"GRA15";9,8;16,2;2023-05-20;15;0;2023-05-05
"chick835";"chick835";"GRA15";10;16,4;2023-05-20;15;0;2023-05-05
"chick836";"chick836";"GRA16";10,3;16,7;2023-05-10;15,5;0;2023-04-25
"chick837";"chick837";"GRA16";10,4;16,6;2023-05-10;15;0;2023-04-25
"chick838";"chick838";"GRA16";11,3;16,3;2023-05-10;15;0;2023-04-25
"chick839";"chick839";"GRA16";10,3;16;2023-05-10;15;3;2023-04-25
"chick840";"chick840";"GRA16";10,3;16,2;2023-05-10;15,5;0;2023-04-25
"chick841";"chick841";"GRA16";10,2;16;2023-05-10;15;1;2023-04-25
"chick842";"chick842";"GRA16";10,4;16,7;2023-05-10;15;3;2023-04-25
"chick843";"chick843";"GRA16";10,6;16,8;2023-05-10;15,5;1;2023-04-25
"chick844";"chick844";"GRA17";10,2;16,2;2023-05-23;14,5;0;2023-05-09
"chick845";"chick845";"GRA17";10,2;16,1;2023-05-23;14,5;0;2023-05-09
"chick846";"chick846";"GRA17";10,4;16,5;2023-05-23;15;1;2023-05-09
"chick847";"chick847";"GRA17";9,1;15,8;2023-05-23;14;1;2023-05-09
"chick848";"chick848";"GRA17";10;15,6;2023-05-23;14;0;2023-05-09
"chick849";"chick849";"GRA17";9,6;16,4;2023-05-23;14,5;1;2023-05-09
"chick850";"chick850";"GRA17";10,5;16,3;2023-05-23;15;1;2023-05-09
"chick851";"chick851";"GRA17";9,5;16;2023-05-23;15;2;2023-05-09
"chick852";"chick852";"GRA20";10,3;16,4;2023-05-17;15;0;2023-05-02
"chick853";"chick853";"GRA20";10,8;16,7;2023-05-17;14,5;1;2023-05-02
"chick854";"chick854";"GRA20";9,8;15,6;2023-05-17;15;3;2023-05-02
"chick855";"chick855";"GRA20";9,8;16,4;2023-05-17;15;3;2023-05-02
"chick856";"chick856";"GRA20";10,8;16,9;2023-05-17;15;0;2023-05-02
"chick857";"chick857";"PIR3";10,3;16;2023-06-11;14,5;2;2023-05-27
"chick858";"chick858";"PIR3";9,7;15,9;2023-06-11;14,5;0;2023-05-27
"chick859";"chick859";"PIR3";10,6;16;2023-06-11;14,5;3;2023-05-27
"chick860";"chick860";"PIR3";10,1;15,5;2023-06-11;14,5;1;2023-05-27
"chick861";"chick861";"PIR3";9,6;16,5;2023-06-11;15;1;2023-05-27
"chick862";"chick862";"PIR13";9,5;15,9;2023-06-09;15,5;3;2023-05-26
"chick863";"chick863";"PIR13";9,7;16;2023-06-09;14,5;2;2023-05-26
"chick864";"chick864";"PIR13";9,2;15,8;2023-06-09;15;1;2023-05-26
"chick865";"chick865";"PIR13";9,5;16,1;2023-06-09;15;NA;2023-05-26
"chick866";"chick866";"PIR13";10,2;16,4;2023-06-09;15;2;2023-05-26
"chick867";"chick867";"PIR13";9,7;16,2;2023-06-09;14;0;2023-05-26
"chick868";"chick868";"PIR13";9,7;15,8;2023-06-09;15;1;2023-05-26
"chick869";"chick869";"PIR13";9,8;16,4;2023-06-09;15,5;1;2023-05-26
"chick870";"chick870";"PIR14";9,2;15,5;2023-06-09;14,5;1;2023-05-26
"chick871";"chick871";"PIR14";9,4;15,6;2023-06-09;15;3;2023-05-26
"chick872";"chick872";"PIR14";9,7;15,4;2023-06-09;14;0;2023-05-26
"chick873";"chick873";"PIR14";10,3;16;2023-06-09;15;2;2023-05-26
"chick874";"chick874";"PIR14";10;16;2023-06-09;14,5;0;2023-05-26
"chick875";"chick875";"PIR14";9;15,7;2023-06-09;15;2;2023-05-26
"chick876";"chick876";"PIR14";10,1;16,5;2023-06-09;14,5;0;2023-05-26
"chick877";"chick877";"PIR17";10,5;16;2023-06-07;15;1;2023-05-25
"chick878";"chick878";"PIR17";9,9;16,8;2023-06-07;14;1;2023-05-25
"chick879";"chick879";"PIR17";10,1;15,9;2023-06-07;15;5;2023-05-25
"chick880";"chick880";"PIR17";9,6;15,7;2023-06-07;13,5;0;2023-05-25
"chick881";"chick881";"PIR17";9,6;16,1;2023-06-07;14,5;1;2023-05-25
"chick882";"chick882";"PIR17";10,2;16,8;2023-06-07;14,5;0;2023-05-25
"chick883";"chick883";"PIR17";9,9;16,5;2023-06-07;14,5;3;2023-05-25
"chick884";"chick884";"PIR17";10,5;16,3;2023-06-07;15;3;2023-05-25
"chick885";"chick885";"PIR17";9,8;16;2023-06-07;13;0;2023-05-25
"chick886";"chick886";"PIR20";9,7;16,3;2023-06-02;15,5;2;2023-05-19
"chick887";"chick887";"PIR20";9,8;16,3;2023-06-02;16;0;2023-05-19
"chick888";"chick888";"PIR20";10;15,5;2023-06-02;15,5;1;2023-05-19
"chick889";"chick889";"PIR20";9,3;15,9;2023-06-02;15;1;2023-05-19
"chick890";"chick890";"PIR20";9,8;16,7;2023-06-02;15,5;2;2023-05-19
"chick891";"chick891";"PIR20";9,5;16,3;2023-06-02;15,5;0;2023-05-19
"chick892";"chick892";"PIR20";9,3;15,3;2023-06-02;15,5;0;2023-05-19
"chick893";"chick893";"PIR22";10,9;16,4;2023-06-11;14,5;1;2023-05-28
"chick894";"chick894";"PIR22";10,4;16,3;2023-06-11;15;3;2023-05-28
"chick895";"chick895";"PIR22";10,9;16,8;2023-06-11;15;0;2023-05-28
"chick896";"chick896";"PIR22";10,8;16,6;2023-06-11;15;2;2023-05-28
"chick897";"chick897";"PIR34";10;16,7;2023-06-04;15;0;2023-05-20
"chick898";"chick898";"PIR34";10;15,8;2023-06-04;15,5;0;2023-05-20
"chick899";"chick899";"PIR34";10,1;16,1;2023-06-04;15;0;2023-05-20
"chick900";"chick900";"PIR34";10,1;16,6;2023-06-04;15;0;2023-05-20
"chick901";"chick901";"PIR34";10,3;15,8;2023-06-04;15;0;2023-05-20
"chick902";"chick902";"PIR34";9,7;16,1;2023-06-04;15;2;2023-05-20
"chick903";"chick903";"PIR34";10;16;2023-06-04;15;1;2023-05-20
"chick904";"chick904";"PIR39";9,9;16,4;2023-06-16;15;1;2023-06-02
"chick905";"chick905";"PIR39";9,8;16,7;2023-06-16;15;0;2023-06-02
"chick906";"chick906";"PIR39";8,9;15,8;2023-06-16;15;0;2023-06-02
"chick907";"chick907";"PIR39";9,4;15,4;2023-06-16;15;3;2023-06-02
"chick908";"chick908";"PIR39";8,9;16,1;2023-06-16;15;8;2023-06-02
"chick909";"chick909";"PIR39";9,3;15,8;2023-06-16;14;3;2023-06-02
"chick910";"chick910";"PIR39";9,9;16,3;2023-06-16;15;5;2023-06-02
"chick911";"chick911";"PIR39";9,9;16,5;2023-06-16;15;0;2023-06-02
"chick912";"chick912";"PIR39";9,2;16,4;2023-06-16;15;0;2023-06-02
"chick913";"chick913";"PIR40";9,6;16,2;2023-06-08;14,5;0;2023-05-26
"chick914";"chick914";"PIR40";9,4;16,4;2023-06-08;14;2;2023-05-26
"chick915";"chick915";"PIR40";9,6;15,3;2023-06-08;14,5;0;2023-05-26
"chick916";"chick916";"PIR40";9;15,8;2023-06-08;14,5;0;2023-05-26
"chick917";"chick917";"PIR40";9,3;15,6;2023-06-08;14,5;1;2023-05-26
"chick918";"chick918";"PIR40";9,5;16,1;2023-06-08;14,5;NA;2023-05-26
"chick919";"chick919";"PIR40";9,2;16,7;2023-06-08;14,5;0;2023-05-26
"chick920";"chick920";"PIR40";9,2;16;2023-06-08;14,5;0;2023-05-26
"chick921";"chick921";"PIR40";9,8;15,9;2023-06-08;14,5;3;2023-05-26
"chick922";"chick922";"PIR49";9,6;16,5;2023-06-06;15;3;2023-05-22
"chick923";"chick923";"PIR49";9,3;16,3;2023-06-06;15,5;3;2023-05-22
"chick924";"chick924";"PIR49";9,3;15,9;2023-06-06;15,5;1;2023-05-22
"chick925";"chick925";"PIR49";8,9;16;2023-06-06;15,5;2;2023-05-22
"chick926";"chick926";"PIR49";9,3;15,3;2023-06-06;15;4;2023-05-22
"chick927";"chick927";"PIR65";10,2;16,1;2023-06-03;15;2;2023-05-20
"chick928";"chick928";"PIR65";10,1;15,7;2023-06-03;14,5;1;2023-05-20
"chick929";"chick929";"PIR66";9,9;16,8;2023-05-31;15;0;2023-05-17
"chick930";"chick930";"PIR66";10,1;16,6;2023-05-31;15;2;2023-05-17
"chick931";"chick931";"PIR66";10;16,6;2023-05-31;15;2;2023-05-17
"chick932";"chick932";"PIR66";10,2;17;2023-05-31;15;1;2023-05-17
"chick933";"chick933";"PIR66";10,1;15,9;2023-05-31;14;0;2023-05-17
"chick934";"chick934";"PIR66";10,1;16;2023-05-31;14,5;3;2023-05-17
"chick935";"chick935";"PIR66";10,2;16,3;2023-05-31;15;2;2023-05-17
"chick936";"chick936";"PIR68";10;15,7;2023-06-10;15,5;3;2023-05-26
"chick937";"chick937";"PIR68";10,2;16,5;2023-06-10;15;0;2023-05-26
"chick938";"chick938";"PIR68";9,6;15,6;2023-06-10;15,5;1;2023-05-26
"chick939";"chick939";"PIR68";9,1;16,4;2023-06-10;15;4;2023-05-26
"chick940";"chick940";"PIR68";9,5;15,4;2023-06-10;14,5;1;2023-05-26
"chick941";"chick941";"PIR68";9,2;16;2023-06-10;15;3;2023-05-26
"chick942";"chick942";"PIR71";9,8;15,4;2023-06-05;14,5;0;2023-05-23
"chick943";"chick943";"PIR71";10,1;15,8;2023-06-05;14,5;0;2023-05-23
"chick944";"chick944";"PIR71";9,8;16,5;2023-06-05;14,5;0;2023-05-23
"chick945";"chick945";"PIR81";9,6;15,7;2023-06-05;15;1;2023-05-22
"chick946";"chick946";"PIR81";10,8;16,8;2023-06-05;15;3;2023-05-22
"chick947";"chick947";"PIR81";10,9;15,9;2023-06-05;15;1;2023-05-22
"chick948";"chick948";"PIR81";9,9;16;2023-06-05;15;3;2023-05-22
"chick949";"chick949";"PIR81";10,7;16,7;2023-06-05;15;2;2023-05-22
"chick950";"chick950";"PIR85";11,2;16,1;2023-06-07;14,5;0;2023-05-25
"chick951";"chick951";"PIR85";10,9;15,9;2023-06-07;15;0;2023-05-25
"chick952";"chick952";"PIR85";10,6;16,1;2023-06-07;15;0;2023-05-25
"chick953";"chick953";"PIR85";11,7;16;2023-06-07;15;0;2023-05-25
"chick954";"chick954";"PIR92";9,4;15,9;2023-06-10;15,5;0;2023-05-27
"chick955";"chick955";"PIR92";9,8;16,7;2023-06-10;15;2;2023-05-27
"chick956";"chick956";"PIR92";9,1;16,3;2023-06-10;15;1;2023-05-27
"chick957";"chick957";"PIR92";9,7;16,5;2023-06-10;15,5;2;2023-05-27
"chick958";"chick958";"PIR92";9,7;16,4;2023-06-10;15;1;2023-05-27
"chick959";"chick959";"PIR92";9,5;16,2;2023-06-10;15;2;2023-05-27
"chick960";"chick960";"PIR92";9,9;16,9;2023-06-10;15;2;2023-05-27
"chick961";"chick961";"PIR96";10,2;15,6;2023-06-15;15;1;2023-06-02
"chick962";"chick962";"PIR96";NA;16,5;2023-06-15;13;0;2023-06-02
"chick963";"chick963";"PIR96";9,3;16,1;2023-06-15;14;1;2023-06-02
"chick964";"chick964";"PIR96";10,2;16,3;2023-06-15;15;0;2023-06-02
"chick965";"chick965";"PIR96";10,6;16,7;2023-06-15;15,5;3;2023-06-02
"chick966";"chick966";"PIR96";10,2;16,5;2023-06-15;15;3;2023-06-02
"chick967";"chick967";"PIR96";10,1;16,4;2023-06-15;15;2;2023-06-02
"chick968";"chick968";"PIR100";9,9;15,9;2023-06-03;15,5;0;2023-05-19
"chick969";"chick969";"PIR100";9,5;16,1;2023-06-03;15;1;2023-05-19
"chick970";"chick970";"PIR100";9,1;16;2023-06-03;15;2;2023-05-19
"chick971";"chick971";"PIR100";9,6;16;2023-06-03;15,5;2;2023-05-19
"chick972";"chick972";"PIR100";10,1;16,3;2023-06-03;15,5;1;2023-05-19
"chick973";"chick973";"PIR100";9,8;17,2;2023-06-03;16;2;2023-05-19
"chick974";"chick974";"PIR100";10,1;16,7;2023-06-03;15,5;3;2023-05-19
"chick975";"chick975";"PIR101";10,7;16,2;2023-06-05;15;0;2023-05-22
"chick976";"chick976";"PIR101";10,3;15,2;2023-06-05;15,5;2;2023-05-22
"chick977";"chick977";"PIR101";9,7;15,9;2023-06-05;15,5;5;2023-05-22
"chick978";"chick978";"PIR101";10,5;16,2;2023-06-05;15;2;2023-05-22
"chick979";"chick979";"PIR101";10,7;16,3;2023-06-05;15,5;3;2023-05-22
"chick980";"chick980";"PIR101";10,5;16,3;2023-06-05;15,5;0;2023-05-22
"chick981";"chick981";"PIR101";10,1;15,5;2023-06-05;15;1;2023-05-22
"chick982";"chick982";"PIR102";10,3;16,1;2023-06-08;15;0;2023-05-25
"chick983";"chick983";"PIR102";9,5;16,2;2023-06-08;15,5;3;2023-05-25
"chick984";"chick984";"PIR102";9;15,9;2023-06-08;15,5;0;2023-05-25
"chick985";"chick985";"PIR105";9,2;16,9;2023-06-16;15,5;0;2023-06-02
"chick986";"chick986";"PIR105";9,9;16,7;2023-06-16;15,5;0;2023-06-02
"chick987";"chick987";"PIR105";8,8;15,6;2023-06-16;13;0;2023-06-02
"chick988";"chick988";"PIR105";9,2;16;2023-06-16;15,5;1;2023-06-02
"chick989";"chick989";"PIR105";9,5;16,6;2023-06-16;15;1;2023-06-02
"chick990";"chick990";"PIR105";9,3;16,2;2023-06-16;15;0;2023-06-02
"chick991";"chick991";"PIR105";9,2;NA;2023-06-16;12;0;2023-06-02
"chick992";"chick992";"PIR107";10,2;16,5;2023-06-05;14;1;2023-05-23
"chick993";"chick993";"PIR107";9,3;15,6;2023-06-05;13,5;0;2023-05-23
"chick994";"chick994";"PIR107";10,9;16,8;2023-06-05;15;0;2023-05-23
"chick995";"chick995";"PIR107";10,5;16,5;2023-06-05;13;0;2023-05-23
"chick996";"chick996";"PIR107";9,3;16,1;2023-06-05;15;0;2023-05-23
"chick997";"chick997";"PIR107";10,4;16,7;2023-06-05;15;3;2023-05-23
"chick998";"chick998";"PIR107";10,2;16,3;2023-06-05;15;3;2023-05-23
"chick999";"chick999";"PIR119";10,2;16;2023-05-31;14,5;1;2023-05-16
"chick1000";"chick1000";"PIR119";9,7;15,7;2023-05-31;15;1;2023-05-16
"chick1001";"chick1001";"PIR119";10,5;16,3;2023-05-31;15;1;2023-05-16
"chick1002";"chick1002";"PIR119";10,9;17;2023-05-31;14,5;3;2023-05-16
"chick1003";"chick1003";"PIR119";9,9;16,2;2023-05-31;15;0;2023-05-16
"chick1004";"chick1004";"PIR119";10,9;16,3;2023-05-31;15;1;2023-05-16
"chick1005";"chick1005";"PIR120";10;16,2;2023-06-02;15;0;2023-05-20
"chick1006";"chick1006";"PIR120";9,5;15,5;2023-06-02;15;0;2023-05-20
"chick1007";"chick1007";"PIR120";9,5;15,9;2023-06-02;14,5;0;2023-05-20
"chick1008";"chick1008";"PIR120";9,8;15,8;2023-06-02;14,5;0;2023-05-20
"chick1009";"chick1009";"PIR120";10,1;16,4;2023-06-02;15;0;2023-05-20
"chick1010";"chick1010";"PIR120";9,9;16,6;2023-06-02;14;0;2023-05-20
"chick1011";"chick1011";"PIR120";10,1;16,2;2023-06-02;15;0;2023-05-20
"chick1012";"chick1012";"PIR120";10,2;16,4;2023-06-02;14,5;0;2023-05-20
"chick1013";"chick1013";"PIR124";9,9;15,4;2023-06-02;15;1;2023-05-18
"chick1014";"chick1014";"PIR124";10,1;16,2;2023-06-02;15,5;1;2023-05-18
"chick1015";"chick1015";"PIR124";10,2;16,1;2023-06-02;15;0;2023-05-18
"chick1016";"chick1016";"PIR124";10,1;16;2023-06-02;16;1;2023-05-18
"chick1017";"chick1017";"PIR124";10,6;16,2;2023-06-02;15,5;0;2023-05-18
"chick1018";"chick1018";"PIR124";10;15,9;2023-06-02;15,5;0;2023-05-18
"chick1019";"chick1019";"PIR126";10;15,8;2023-06-09;13,5;0;2023-05-27
"chick1020";"chick1020";"PIR126";9,4;15,9;2023-06-09;14,5;1;2023-05-27
"chick1021";"chick1021";"PIR126";10,2;15,9;2023-06-09;15;1;2023-05-27
"chick1022";"chick1022";"PIR126";10,5;15,8;2023-06-09;14,5;1;2023-05-27
"chick1023";"chick1023";"PIR126";9,8;16,4;2023-06-09;14;0;2023-05-27
"chick1024";"chick1024";"PIR126";10,9;16,5;2023-06-09;14,5;0;2023-05-27
"chick1025";"chick1025";"PIR134";8,4;16,1;2023-06-20;15,5;1;2023-06-04
"chick1026";"chick1026";"PIR134";NA;16;2023-06-20;15;NA;2023-06-04
"chick1027";"chick1027";"PIR134";NA;16,2;2023-06-20;15,5;NA;2023-06-04
"chick1028";"chick1028";"PIR137";9,5;16,1;2023-06-07;14,5;1;2023-05-25
"chick1029";"chick1029";"PIR137";9,9;16,2;2023-06-07;14,5;2;2023-05-25
"chick1030";"chick1030";"PIR137";9,9;16,5;2023-06-07;14;0;2023-05-25
"chick1031";"chick1031";"PIR137";9,1;15,9;2023-06-07;14,5;0;2023-05-25
"chick1032";"chick1032";"PIR137";9,3;15,6;2023-06-07;15;1;2023-05-25
"chick1033";"chick1033";"PIR154";10,2;15,9;2023-06-06;15;2;2023-05-22
"chick1034";"chick1034";"PIR154";9;15,4;2023-06-06;15;0;2023-05-22
"chick1035";"chick1035";"PIR154";8,3;15,6;2023-06-06;13,5;3;2023-05-22
"chick1036";"chick1036";"PIR154";10,4;16,3;2023-06-06;13,5;0;2023-05-22
"chick1037";"chick1037";"PIR154";10;15,7;2023-06-06;15;0;2023-05-22
"chick1038";"chick1038";"PIR154";10;16,3;2023-06-06;15;1;2023-05-22
"chick1039";"chick1039";"PIR157";10,3;16,6;2023-06-13;15;0;2023-05-29
"chick1040";"chick1040";"PIR157";9,5;16,4;2023-06-13;15;2;2023-05-29
"chick1041";"chick1041";"PIR157";10,5;16,4;2023-06-13;15;0;2023-05-29
"chick1042";"chick1042";"PIR157";9;15,3;2023-06-13;15;3;2023-05-29
"chick1043";"chick1043";"PIR157";9,5;15,7;2023-06-13;15,5;2;2023-05-29
"chick1044";"chick1044";"PIR157";9,5;16;2023-06-13;15;1;2023-05-29
"chick1045";"chick1045";"PIR157";10;16,6;2023-06-13;15,5;3;2023-05-29
"chick1046";"chick1046";"PIR158";9,4;16,4;2023-06-01;15,5;0;2023-05-17
"chick1047";"chick1047";"PIR158";9,7;17,1;2023-06-01;16;1;2023-05-17
"chick1048";"chick1048";"PIR158";9,9;16,7;2023-06-01;15,5;0;2023-05-17
"chick1049";"chick1049";"PIR158";9,3;16,4;2023-06-01;16;0;2023-05-17
"chick1050";"chick1050";"PIR158";9,6;16,5;2023-06-01;16,5;0;2023-05-17
"chick1051";"chick1051";"PIR158";9,5;16,4;2023-06-01;15;2;2023-05-17
"chick1052";"chick1052";"PIR158";9,2;15,9;2023-06-01;15,5;0;2023-05-17
"chick1053";"chick1053";"PIR159";10,8;17;2023-06-06;15,5;3;2023-05-22
"chick1054";"chick1054";"PIR159";10;17,2;2023-06-06;15;0;2023-05-22
"chick1055";"chick1055";"PIR159";10,7;16,1;2023-06-06;14,5;0;2023-05-22
"chick1056";"chick1056";"PIR159";9,2;15,9;2023-06-06;15;2;2023-05-22
"chick1057";"chick1057";"PIR159";9,8;16,2;2023-06-06;15,5;3;2023-05-22
"chick1058";"chick1058";"PIR159";10;16,6;2023-06-06;15;2;2023-05-22
"chick1059";"chick1059";"PIR159";9,5;16;2023-06-06;16;3;2023-05-22
"chick1060";"chick1060";"PIR202";9,6;16,2;2023-06-18;15;2;2023-06-03
"chick1061";"chick1061";"PIR202";9,3;16,4;2023-06-18;15,5;0;2023-06-03
"chick1062";"chick1062";"PIR204";9,3;15,4;2023-06-08;14,5;1;2023-05-26
"chick1063";"chick1063";"PIR204";8,8;16;2023-06-08;14;1;2023-05-26
"chick1064";"chick1064";"PIR204";9,4;16;2023-06-08;15;0;2023-05-26
"chick1065";"chick1065";"PIR204";9,5;15,8;2023-06-08;13,5;0;2023-05-26
"chick1066";"chick1066";"PIR204";9,2;NA;2023-06-08;12;1;2023-05-26
"chick1067";"chick1067";"PIR204";8,6;15,6;2023-06-08;14,5;0;2023-05-26
"chick1068";"chick1068";"PIR204";9,6;15,3;2023-06-08;15;2;2023-05-26
"chick1069";"chick1069";"PIR205";10,6;16,8;2023-05-31;14,5;0;2023-05-16
"chick1070";"chick1070";"PIR205";9,2;16,1;2023-05-31;15;0;2023-05-16
"chick1071";"chick1071";"PIR205";9,4;15,8;2023-05-31;15;2;2023-05-16
"chick1072";"chick1072";"PIR205";10,1;16,6;2023-05-31;15;0;2023-05-16
"chick1073";"chick1073";"PIR205";9,9;16,8;2023-05-31;15,5;2;2023-05-16
"chick1074";"chick1074";"PIR205";10,3;16,6;2023-05-31;13,5;1;2023-05-16
"chick1075";"chick1075";"PIR205";10;16,3;2023-05-31;14,5;1;2023-05-16
"chick1076";"chick1076";"PIR208";10,5;16,3;2023-06-03;15;0;2023-05-19
"chick1077";"chick1077";"PIR208";10;16,6;2023-06-03;15,5;0;2023-05-19
"chick1078";"chick1078";"PIR208";10,9;16,8;2023-06-03;15;1;2023-05-19
"chick1079";"chick1079";"PIR208";10,5;16,3;2023-06-03;15,5;2;2023-05-19
"chick1080";"chick1080";"PIR208";9,4;15,4;2023-06-03;15,5;0;2023-05-19
"chick1081";"chick1081";"PIR208";10,3;16,3;2023-06-03;15;1;2023-05-19
"chick1082";"chick1082";"PIR208";9,9;16,2;2023-06-03;15;1;2023-05-19
"chick1083";"chick1083";"PIR232";10;16,1;2023-06-02;15;1;2023-05-18
"chick1084";"chick1084";"PIR232";9,4;15,6;2023-06-02;15;1;2023-05-18
"chick1085";"chick1085";"PIR232";9,7;15,6;2023-06-02;15;2;2023-05-18
"chick1086";"chick1086";"PIR232";9,8;16;2023-06-02;14,5;1;2023-05-18
"chick1087";"chick1087";"PIR232";9,6;15,5;2023-06-02;14,5;0;2023-05-18
"chick1088";"chick1088";"PIR232";10,1;16,6;2023-06-02;15,5;1;2023-05-18
"chick1089";"chick1089";"PIR234";9,8;16;2023-06-06;15,5;1;2023-05-22
"chick1090";"chick1090";"PIR234";10;16,4;2023-06-06;15;1;2023-05-22
"chick1091";"chick1091";"PIR234";9,3;16;2023-06-06;15;0;2023-05-22
"chick1092";"chick1092";"PIR234";9;15,4;2023-06-06;15;0;2023-05-22
"chick1093";"chick1093";"PIR234";9,9;16,3;2023-06-06;15;0;2023-05-22
"chick1094";"chick1094";"PIR234";9,9;16,5;2023-06-06;15,5;1;2023-05-22
"chick1095";"chick1095";"PIR235";8,8;15,4;2023-06-04;15;1;2023-05-20
"chick1096";"chick1096";"PIR235";9,9;16,7;2023-06-04;15;3;2023-05-20
"chick1097";"chick1097";"PIR235";9,6;16;2023-06-04;15;3;2023-05-20
"chick1098";"chick1098";"PIR235";9,8;16;2023-06-04;15;6;2023-05-20
"chick1099";"chick1099";"PIR235";9,7;16,8;2023-06-04;15;3;2023-05-20
"chick1100";"chick1100";"PIR235";9,6;16;2023-06-04;14,5;3;2023-05-20
"chick1101";"chick1101";"PIR235";9,8;16,6;2023-06-04;15,5;5;2023-05-20
"chick1102";"chick1102";"PIR235";9,9;16,9;2023-06-04;15;3;2023-05-20
"chick1103";"chick1103";"PIR239";9,2;14,8;2023-06-02;15,5;4;2023-05-19
"chick1104";"chick1104";"PIR239";9,9;15,4;2023-06-02;15,5;0;2023-05-19
"chick1105";"chick1105";"PIR239";10,2;15,5;2023-06-02;15;0;2023-05-19
"chick1106";"chick1106";"PIR239";9,4;15,3;2023-06-02;16;0;2023-05-19
"chick1107";"chick1107";"PIR239";10,8;16,3;2023-06-02;16;1;2023-05-19
"chick1108";"chick1108";"PIR246";10;15,4;2023-05-27;14,5;1;2023-05-12
"chick1109";"chick1109";"PIR246";9,8;15,5;2023-05-27;15;1;2023-05-12
"chick1110";"chick1110";"PIR246";9,6;15,3;2023-05-27;15,5;2;2023-05-12
"chick1111";"chick1111";"PIR246";9,5;15,5;2023-05-27;15;0;2023-05-12
"chick1112";"chick1112";"PIR246";10,2;16,2;2023-05-27;15;0;2023-05-12
"chick1113";"chick1113";"PIR246";10,4;16;2023-05-27;15;2;2023-05-12
"chick1114";"chick1114";"PIR246";10,2;16,1;2023-05-27;15;3;2023-05-12
"chick1115";"chick1115";"PIR246";10,7;16,1;2023-05-27;15,5;0;2023-05-12
"chick1116";"chick1116";"PIR247";9,6;15,9;2023-05-30;14;2;2023-05-17
"chick1117";"chick1117";"PIR247";9,9;16,5;2023-05-30;15;2;2023-05-17
"chick1118";"chick1118";"PIR247";9,6;15,6;2023-05-30;15;1;2023-05-17
"chick1119";"chick1119";"PIR247";9,1;16,2;2023-05-30;14,5;0;2023-05-17
"chick1120";"chick1120";"PIR247";9,9;16,1;2023-05-30;15;0;2023-05-17
"chick1121";"chick1121";"PIR247";9,7;16;2023-05-30;15;2;2023-05-17
"chick1122";"chick1122";"PIR247";9,6;16;2023-05-30;14,5;3;2023-05-17
"chick1123";"chick1123";"PIR247";10;16,2;2023-05-30;15;1;2023-05-17
"chick1124";"chick1124";"PIRB";9,8;16,1;2023-06-04;15;1;2023-05-20
"chick1125";"chick1125";"PIRB";10;15,5;2023-06-04;15,5;1;2023-05-20
"chick1126";"chick1126";"PIRB";9,7;16,2;2023-06-04;15;2;2023-05-20
"chick1127";"chick1127";"PIRB";10;16,1;2023-06-04;15,5;1;2023-05-20
"chick1128";"chick1128";"PIRB";9,5;15,5;2023-06-04;15,5;2;2023-05-20
"chick1129";"chick1129";"PIRB";10;15,8;2023-06-04;15,5;1;2023-05-20
"chick1130";"chick1130";"TUA215";5,3;15;2023-06-03;15;0;2023-05-19
"chick1131";"chick1131";"TUA215";7,2;15,8;2023-06-03;15;4;2023-05-19
"chick1132";"chick1132";"TUA215";7,9;15,5;2023-06-03;15,5;6;2023-05-19
"chick1133";"chick1133";"TUA215";6,7;14,6;2023-06-03;15,5;3;2023-05-19
"chick1134";"chick1134";"TUA215";6,9;15,7;2023-06-03;15,5;3;2023-05-19
"chick1135";"chick1135";"TUA215";6,9;15,7;2023-06-03;14,5;0;2023-05-19
"chick1136";"chick1136";"TUA215";7,5;15,7;2023-06-03;15,5;4;2023-05-19
"chick1137";"chick1137";"TUA217";9,6;15,2;2023-06-01;15;1;2023-05-18
"chick1138";"chick1138";"TUA217";9,9;16;2023-06-01;14,5;0;2023-05-18
"chick1139";"chick1139";"TUA217";10,4;15,8;2023-06-01;15;0;2023-05-18
"chick1140";"chick1140";"TUA217";8,7;16;2023-06-01;14;2;2023-05-18
"chick1141";"chick1141";"TUA217";9,4;16,2;2023-06-01;14;0;2023-05-18
"chick1142";"chick1142";"TUA217";9,7;15,9;2023-06-01;14,5;1;2023-05-18
"chick1143";"chick1143";"TUA217";9,8;16,3;2023-06-01;14,5;0;2023-05-18
"chick1144";"chick1144";"TUA218";9,8;17,1;2023-05-30;15;0;2023-05-15
"chick1145";"chick1145";"TUA218";8,9;15,7;2023-05-30;15;2;2023-05-15
"chick1146";"chick1146";"TUA218";9,7;16,1;2023-05-30;15;2;2023-05-15
"chick1147";"chick1147";"TUA218";9,3;16,3;2023-05-30;14,5;2;2023-05-15
"chick1148";"chick1148";"TUA218";9,6;16,4;2023-05-30;15;0;2023-05-15
"chick1149";"chick1149";"TUA222";9,6;16,9;2023-06-05;14,5;0;2023-05-23
"chick1150";"chick1150";"TUA222";11,5;17,3;2023-06-05;14,5;0;2023-05-23
"chick1151";"chick1151";"TUA222";10,3;NA;2023-06-05;12;0;2023-05-23
"chick1152";"chick1152";"TUA222";10,4;17;2023-06-05;14,5;0;2023-05-23
"chick1153";"chick1153";"TUA222";11,4;17,8;2023-06-05;13,5;0;2023-05-23
"chick1154";"chick1154";"TUA222";9,1;NA;2023-06-05;10;NA;2023-05-23
"chick1155";"chick1155";"TUA222";11,2;17;2023-06-05;15;3;2023-05-23
"chick1156";"chick1156";"TUA222";10,4;16,1;2023-06-05;14,5;0;2023-05-23
"chick1157";"chick1157";"TUA223";10,1;16,4;2023-06-01;15;0;2023-05-18
"chick1158";"chick1158";"TUA223";10,3;16,2;2023-06-01;14,5;0;2023-05-18
"chick1159";"chick1159";"TUA223";10,6;16,2;2023-06-01;14,5;2;2023-05-18
"chick1160";"chick1160";"TUA223";10,5;16,2;2023-06-01;14,5;0;2023-05-18
"chick1161";"chick1161";"TUA223";9,6;15,7;2023-06-01;15;0;2023-05-18
"chick1162";"chick1162";"TUA224";9,9;16,8;2023-06-01;13,5;0;2023-05-18
"chick1163";"chick1163";"TUA224";9,2;16,4;2023-06-01;14,5;0;2023-05-18
"chick1164";"chick1164";"TUA224";10;16,8;2023-06-01;14,5;2;2023-05-18
"chick1165";"chick1165";"TUA224";10,3;16,5;2023-06-01;14;0;2023-05-18
"chick1166";"chick1166";"TUA224";9,1;15,9;2023-06-01;13,5;0;2023-05-18
"chick1167";"chick1167";"TUA224";9,9;16,4;2023-06-01;14,5;3;2023-05-18
"chick1168";"chick1168";"TUA224";9,7;16,2;2023-06-01;14;2;2023-05-18
"chick1169";"chick1169";"TUA224";10,1;16,9;2023-06-01;14;1;2023-05-18
"chick1170";"chick1170";"TUA224";9,5;16;2023-06-01;14,5;3;2023-05-18
"chick1171";"chick1171";"TUA225-1";9,1;15,8;2023-05-30;15,5;2;2023-05-15
"chick1172";"chick1172";"FEL13-1";10,3;16,1;2023-05-08;15,5;2;2023-04-23
"chick1173";"chick1173";"AVA9-2";8,7;15,5;2023-06-22;16;0;2023-06-08
"chick1174";"chick1174";"AVA9-2";8,3;16,2;2023-06-22;15;0;2023-06-08
"chick1175";"chick1175";"AVA9-2";7,7;15,1;2023-06-22;14;0;2023-06-08
"chick1176";"chick1176";"AVA9-2";8,9;16,9;2023-06-22;16;0;2023-06-08
"chick1177";"chick1177";"AVA9-2";8,5;16;2023-06-22;15;0;2023-06-08
"chick1178";"chick1178";"AVA9-2";9;16,2;2023-06-22;15;0;2023-06-08
"chick1179";"chick1179";"MUR24-2";9,2;16;2023-06-22;14;0;2023-06-09
"chick1180";"chick1180";"MUR24-2";9,4;16,6;2023-06-22;14,5;0;2023-06-09
"chick1181";"chick1181";"PIR9";9,2;16;2023-06-29;15,5;NA;2023-06-14
"chick1182";"chick1182";"PIR9";7,3;14,7;2023-06-29;14,5;NA;2023-06-14
